,carat,clarity,color,culet,cut,date,dateSet,depth,detailsPageUrl,fluorescence,hasVisualization,id,lxwRatio,measurements,myPickSelected,polish,price,pricePerCarat,shapeCode,shapeName,shipsInDays,shipsInDaysSet,skus,symmetry,table
0,[u'1.71'],[u'SI2'],[u'J'],[u'None'],"[{u'labelSmall': u'Ideal', u'label': u'Ideal'}]",[u'Feb 5'],[u'Feb 6'],[u'61.2'],./diamond-details/LD00013379,[u'None'],[False],LD00013379,[u'1.01'],"[{u'labelSmall': u'7.68 x 7.64 x 4.69', u'label': u'7.68 x 7.64 x 4.69 mm'}]",False,[u'Excellent'],8200,"[u'$4,795']",[u'RD'],[u'Round'],[u'Call'],[u'Call'],[u'LD00013379'],[u'Excellent'],[u'59.0']
1,[u'1.20'],[u'VS2'],[u'H'],[u'None'],"[{u'labelSmall': u'Ideal', u'label': u'Ideal'}]",[u'Jan 31'],[u'Feb 1'],[u'62.2'],./diamond-details/LD09130107,[u'None'],[False],LD09130107,[u'1.00'],"[{u'labelSmall': u'6.78 x 6.80 x 4.22', u'label': u'6.78 x 6.80 x 4.22 mm'}]",False,[u'Excellent'],8200,"[u'$6,833']",[u'RD'],[u'Round'],[u'Call'],[u'Call'],[u'LD09130107'],[u'Excellent'],[u'58.0']
2,[u'1.04'],[u'VS2'],[u'F'],[u'None'],"[{u'labelSmall': u'Ideal', u'label': u'Ideal'}]",[u'Feb 5'],[u'Feb 6'],[u'60.8'],./diamond-details/LD09304981,[u'None'],[True],LD09304981,[u'1.01'],"[{u'labelSmall': u'6.54 x 6.49 x 3.96', u'label': u'6.54 x 6.49 x 3.96 mm'}]",False,[u'Excellent'],8200,"[u'$7,885']",[u'RD'],[u'Round'],[u'Call'],[u'Call'],[u'LD09304981'],[u'Excellent'],[u'59.0']
3,[u'1.00'],[u'VVS1'],[u'E'],[u'None'],"[{u'labelSmall': u'Very Good', u'label': u'Very Good'}]",[u'Feb 5'],[u'Feb 6'],[u'60.0'],./diamond-details/LD09467414,[u'Medium'],[True],LD09467414,[u'1.01'],"[{u'labelSmall': u'6.49 x 6.53 x 3.91', u'label': u'6.49 x 6.53 x 3.91 mm'}]",False,[u'Excellent'],8200,"[u'$8,200']",[u'RD'],[u'Round'],[u'Call'],[u'Call'],[u'LD09467414'],[u'Excellent'],[u'62.0']
4,[u'1.50'],[u'SI2'],[u'E'],[u'None'],"[{u'labelSmall': u'Very Good', u'label': u'Very Good'}]",[u'Feb 5'],[u'Feb 6'],[u'59.8'],./diamond-details/LD09914646,[u'Strong'],[True],LD09914646,[u'1.00'],"[{u'labelSmall': u'7.36 x 7.39 x 4.41', u'label': u'7.36 x 7.39 x 4.41 mm'}]",False,[u'Very Good'],8200,"[u'$5,467']",[u'RD'],[u'Round'],[u'Call'],[u'Call'],[u'LD09914646'],[u'Very Good'],[u'65.0']
5,[u'1.00'],[u'VVS1'],[u'E'],[u'None'],"[{u'labelSmall': u'Ideal', u'label': u'Ideal'}]",[u'Feb 5'],[u'Feb 6'],[u'58.4'],./diamond-details/LD09953391,[u'Medium'],[True],LD09953391,[u'1.00'],"[{u'labelSmall': u'6.53 x 6.56 x 3.82', u'label': u'6.53 x 6.56 x 3.82 mm'}]",False,[u'Excellent'],8200,"[u'$8,200']",[u'RD'],[u'Round'],[u'Call'],[u'Call'],[u'LD09953391'],[u'Very Good'],[u'61.0']
6,[u'1.00'],[u'VVS1'],[u'G'],[u'None'],"[{u'labelSmall': u'Ideal', u'label': u'Ideal'}]",[u'Feb 5'],[u'Feb 6'],[u'63.3'],./diamond-details/LD00015461,[u'None'],[True],LD00015461,[u'1.01'],"[{u'labelSmall': u'6.33 x 6.38 x 4.03', u'label': u'6.33 x 6.38 x 4.03 mm'}]",False,[u'Excellent'],8201,"[u'$8,201']",[u'RD'],[u'Round'],[u'Call'],[u'Call'],[u'LD00015461'],[u'Excellent'],[u'56.0']
7,[u'1.00'],[u'VVS1'],[u'G'],[u'None'],"[{u'labelSmall': u'Ideal', u'label': u'Ideal'}]",[u'Feb 5'],[u'Feb 6'],[u'60.6'],./diamond-details/LD06628934,[u'Faint'],[False],LD06628934,[u'1.00'],"[{u'labelSmall': u'6.48 x 6.46 x 3.92', u'label': u'6.48 x 6.46 x 3.92 mm'}]",False,[u'Excellent'],8201,"[u'$8,201']",[u'RD'],[u'Round'],[u'Call'],[u'Call'],[u'LD06628934'],[u'Excellent'],[u'59.0']
8,[u'1.20'],[u'VS2'],[u'G'],[u'None'],"[{u'labelSmall': u'Ideal', u'label': u'Ideal'}]",[u'Jan 31'],[u'Feb 1'],[u'62.7'],./diamond-details/LD08126175,[u'Faint'],[True],LD08126175,[u'1.01'],"[{u'labelSmall': u'6.79 x 6.75 x 4.24', u'label': u'6.79 x 6.75 x 4.24 mm'}]",False,[u'Excellent'],8201,"[u'$6,834']",[u'RD'],[u'Round'],[u'Call'],[u'Call'],[u'LD08126175'],[u'Excellent'],[u'57.0']
9,[u'1.31'],[u'SI1'],[u'H'],[u'None'],"[{u'labelSmall': u'Ideal', u'label': u'Ideal'}]",[u'Jan 31'],[u'Feb 1'],[u'62.7'],./diamond-details/LD08254566,[u'None'],[True],LD08254566,[u'1.01'],"[{u'labelSmall': u'6.95 x 6.99 x 4.37', u'label': u'6.95 x 6.99 x 4.37 mm'}]",False,[u'Excellent'],8201,"[u'$6,260']",[u'RD'],[u'Round'],[u'Call'],[u'Call'],[u'LD08254566'],[u'Excellent'],[u'56.0']
10,[u'1.01'],[u'VVS2'],[u'D'],[u'None'],"[{u'labelSmall': u'Very Good', u'label': u'Very Good'}]",[u'Feb 5'],[u'Feb 6'],[u'64.7'],./diamond-details/LD09659235,[u'Faint'],[True],LD09659235,[u'1.01'],"[{u'labelSmall': u'6.20 x 6.27 x 4.03', u'label': u'6.20 x 6.27 x 4.03 mm'}]",False,[u'Excellent'],8201,"[u'$8,120']",[u'RD'],[u'Round'],[u'Call'],[u'Call'],[u'LD09659235'],[u'Very Good'],[u'59.0']
11,[u'1.11'],[u'VS2'],[u'D'],[u'None'],"[{u'labelSmall': u'Ideal', u'label': u'Ideal'}]",[u'Feb 5'],[u'Feb 6'],[u'62.6'],./diamond-details/LD09995036,[u'Medium'],[True],LD09995036,[u'1.00'],"[{u'labelSmall': u'6.61 x 6.63 x 4.14', u'label': u'6.61 x 6.63 x 4.14 mm'}]",False,[u'Excellent'],8201,"[u'$7,388']",[u'RD'],[u'Round'],[u'Call'],[u'Call'],[u'LD09995036'],[u'Excellent'],[u'55.0']
12,[u'1.26'],[u'SI1'],[u'G'],[u'None'],"[{u'labelSmall': u'Ideal', u'label': u'Ideal'}]",[u'Jan 31'],[u'Feb 1'],[u'62.5'],./diamond-details/LD07572337,[u'None'],[False],LD07572337,[u'1.01'],"[{u'labelSmall': u'6.89 x 6.85 x 4.30', u'label': u'6.89 x 6.85 x 4.30 mm'}]",False,[u'Excellent'],8202,"[u'$6,510']",[u'RD'],[u'Round'],[u'Call'],[u'Call'],[u'LD07572337'],[u'Excellent'],[u'59.0']
13,[u'1.09'],[u'VVS2'],[u'G'],[u'None'],"[{u'labelSmall': u'Ideal', u'label': u'Ideal'}]",[u'Feb 5'],[u'Feb 6'],[u'62.4'],./diamond-details/LD06630659,[u'None'],[False],LD06630659,[u'1.01'],"[{u'labelSmall': u'6.59 x 6.55 x 4.10', u'label': u'6.59 x 6.55 x 4.10 mm'}]",False,[u'Excellent'],8203,"[u'$7,526']",[u'RD'],[u'Round'],[u'Call'],[u'Call'],[u'LD06630659'],[u'Excellent'],[u'59.0']
14,[u'1.11'],[u'VS1'],[u'G'],[u'None'],"[{u'labelSmall': u'Ideal', u'label': u'Ideal'}]",[u'Feb 5'],[u'Feb 6'],[u'61.3'],./diamond-details/LD09906939,[u'Faint'],[True],LD09906939,[u'1.01'],"[{u'labelSmall': u'6.64 x 6.68 x 4.08', u'label': u'6.64 x 6.68 x 4.08 mm'}]",False,[u'Excellent'],8204,"[u'$7,391']",[u'RD'],[u'Round'],[u'Call'],[u'Call'],[u'LD09906939'],[u'Excellent'],[u'60.0']
15,[u'1.00'],[u'VVS2'],[u'G'],[u'None'],"[{u'labelSmall': u'Ideal', u'label': u'Ideal'}]",[u'Feb 5'],[u'Feb 6'],[u'62.7'],./diamond-details/LD09989765,[u'None'],[True],LD09989765,[u'1.00'],"[{u'labelSmall': u'6.40 x 6.37 x 4.00', u'label': u'6.40 x 6.37 x 4.00 mm'}]",False,[u'Excellent'],8205,"[u'$8,205']",[u'RD'],[u'Round'],[u'Call'],[u'Call'],[u'LD09989765'],[u'Excellent'],[u'57.0']
16,[u'1.05'],[u'VS1'],[u'F'],[u'None'],"[{u'labelSmall': u'Ideal', u'label': u'Ideal'}]",[u'Jan 31'],[u'Feb 1'],[u'62.8'],./diamond-details/LD08541551,[u'None'],[False],LD08541551,[u'1.00'],"[{u'labelSmall': u'6.48 x 6.45 x 4.06', u'label': u'6.48 x 6.45 x 4.06 mm'}]",False,[u'Excellent'],8206,"[u'$7,815']",[u'RD'],[u'Round'],[u'Call'],[u'Call'],[u'LD08541551'],[u'Excellent'],[u'57.0']
17,[u'1.05'],[u'VS1'],[u'F'],[u'None'],"[{u'labelSmall': u'Ideal', u'label': u'Ideal'}]",[u'Jan 31'],[u'Feb 1'],[u'63.0'],./diamond-details/LD09043937,[u'None'],[False],LD09043937,[u'1.01'],"[{u'labelSmall': u'6.47 x 6.41 x 4.06', u'label': u'6.47 x 6.41 x 4.06 mm'}]",False,[u'Excellent'],8206,"[u'$7,815']",[u'RD'],[u'Round'],[u'Call'],[u'Call'],[u'LD09043937'],[u'Excellent'],[u'57.0']
18,[u'1.24'],[u'SI1'],[u'D'],[u'None'],"[{u'labelSmall': u'Ideal', u'label': u'Ideal'}]",[u'Feb 5'],[u'Feb 6'],[u'60.9'],./diamond-details/LD09514439,[u'Faint'],[True],LD09514439,[u'1.01'],"[{u'labelSmall': u'6.96 x 6.92 x 4.23', u'label': u'6.96 x 6.92 x 4.23 mm'}]",False,[u'Very Good'],8206,"[u'$6,618']",[u'RD'],[u'Round'],[u'Call'],[u'Call'],[u'LD09514439'],[u'Excellent'],[u'59.0']
19,[u'1.30'],[u'SI1'],[u'G'],[u'None'],"[{u'labelSmall': u'Ideal', u'label': u'Ideal'}]",[u'Feb 5'],[u'Feb 6'],[u'62.3'],./diamond-details/LD09864510,[u'None'],[True],LD09864510,[u'1.01'],"[{u'labelSmall': u'6.97 x 6.92 x 4.33', u'label': u'6.97 x 6.92 x 4.33 mm'}]",False,[u'Excellent'],8206,"[u'$6,312']",[u'RD'],[u'Round'],[u'Call'],[u'Call'],[u'LD09864510'],[u'Excellent'],[u'58.0']
20,[u'1.30'],[u'SI1'],[u'E'],[u'None'],"[{u'labelSmall': u'Ideal', u'label': u'Ideal'}]",[u'Feb 5'],[u'Feb 6'],[u'63.2'],./diamond-details/LD08851361,[u'Strong'],[True],LD08851361,[u'1.01'],"[{u'labelSmall': u'6.95 x 6.91 x 4.38', u'label': u'6.95 x 6.91 x 4.38 mm'}]",False,[u'Excellent'],8207,"[u'$6,313']",[u'RD'],[u'Round'],[u'Call'],[u'Call'],[u'LD08851361'],[u'Excellent'],[u'56.0']
21,[u'0.90'],[u'IF'],[u'D'],[u'None'],"[{u'labelSmall': u'Ideal', u'label': u'Ideal'}]",[u'Feb 5'],[u'Feb 6'],[u'62.8'],./diamond-details/LD09037592,[u'None'],[True],LD09037592,[u'1.01'],"[{u'labelSmall': u'6.10 x 6.17 x 3.85', u'label': u'6.10 x 6.17 x 3.85 mm'}]",False,[u'Excellent'],8207,"[u'$9,119']",[u'RD'],[u'Round'],[u'Call'],[u'Call'],[u'LD09037592'],[u'Very Good'],[u'58.0']
22,[u'0.90'],[u'IF'],[u'D'],[u'None'],"[{u'labelSmall': u'Ideal', u'label': u'Ideal'}]",[u'Feb 5'],[u'Feb 6'],[u'62.7'],./diamond-details/LD09846985,[u'None'],[True],LD09846985,[u'1.01'],"[{u'labelSmall': u'6.10 x 6.16 x 3.84', u'label': u'6.10 x 6.16 x 3.84 mm'}]",False,[u'Excellent'],8207,"[u'$9,119']",[u'RD'],[u'Round'],[u'Call'],[u'Call'],[u'LD09846985'],[u'Very Good'],[u'57.0']
23,[u'1.00'],[u'VVS2'],[u'D'],[u'None'],"[{u'labelSmall': u'Very Good', u'label': u'Very Good'}]",[u'Feb 5'],[u'Feb 6'],[u'64.8'],./diamond-details/LD09969982,[u'None'],[True],LD09969982,[u'1.01'],"[{u'labelSmall': u'6.18 x 6.23 x 4.02', u'label': u'6.18 x 6.23 x 4.02 mm'}]",False,[u'Excellent'],8207,"[u'$8,207']",[u'RD'],[u'Round'],[u'Call'],[u'Call'],[u'LD09969982'],[u'Excellent'],[u'56.0']
24,[u'1.51'],[u'VS1'],[u'J'],[u'None'],"[{u'labelSmall': u'Ideal', u'label': u'Ideal'}]",[u'Feb 5'],[u'Feb 6'],[u'62.3'],./diamond-details/LD09986226,[u'None'],[True],LD09986226,[u'1.01'],"[{u'labelSmall': u'7.35 x 7.30 x 4.57', u'label': u'7.35 x 7.30 x 4.57 mm'}]",False,[u'Excellent'],8207,"[u'$5,435']",[u'RD'],[u'Round'],[u'Call'],[u'Call'],[u'LD09986226'],[u'Excellent'],[u'56.0']
25,[u'1.30'],[u'VS1'],[u'H'],[u'None'],"[{u'labelSmall': u'Ideal', u'label': u'Ideal'}]",[u'Feb 5'],[u'Feb 6'],[u'62.5'],./diamond-details/LD09046667,[u'None'],[True],LD09046667,[u'1.00'],"[{u'labelSmall': u'6.91 x 6.94 x 4.33', u'label': u'6.91 x 6.94 x 4.33 mm'}]",False,[u'Excellent'],8208,"[u'$6,314']",[u'RD'],[u'Round'],[u'Call'],[u'Call'],[u'LD09046667'],[u'Excellent'],[u'59.0']
26,[u'1.23'],[u'VS2'],[u'G'],[u'None'],"[{u'labelSmall': u'Ideal', u'label': u'Ideal'}]",[u'Feb 5'],[u'Feb 6'],[u'62.2'],./diamond-details/LD09764160,[u'Faint'],[True],LD09764160,[u'1.01'],"[{u'labelSmall': u'6.86 x 6.82 x 4.25', u'label': u'6.86 x 6.82 x 4.25 mm'}]",False,[u'Excellent'],8208,"[u'$6,673']",[u'RD'],[u'Round'],[u'Call'],[u'Call'],[u'LD09764160'],[u'Excellent'],[u'59.0']
27,[u'1.07'],[u'IF'],[u'G'],[u'None'],"[{u'labelSmall': u'Ideal', u'label': u'Ideal'}]",[u'Feb 5'],[u'Feb 6'],[u'61.7'],./diamond-details/LD09904813,[u'Faint'],[True],LD09904813,[u'1.01'],"[{u'labelSmall': u'6.54 x 6.58 x 4.05', u'label': u'6.54 x 6.58 x 4.05 mm'}]",False,[u'Excellent'],8208,"[u'$7,671']",[u'RD'],[u'Round'],[u'Call'],[u'Call'],[u'LD09904813'],[u'Excellent'],[u'58.0']
28,[u'0.91'],[u'VVS1'],[u'D'],[u'None'],"[{u'labelSmall': u'Ideal', u'label': u'Ideal'}]",[u'Feb 5'],[u'Feb 6'],[u'62.5'],./diamond-details/LD09969858,[u'None'],[True],LD09969858,[u'1.00'],"[{u'labelSmall': u'6.14 x 6.17 x 3.85', u'label': u'6.14 x 6.17 x 3.85 mm'}]",False,[u'Excellent'],8208,"[u'$9,020']",[u'RD'],[u'Round'],[u'Call'],[u'Call'],[u'LD09969858'],[u'Excellent'],[u'59.0']
29,[u'1.01'],[u'VS2'],[u'G'],[u'Small'],"[{u'labelSmall': u'Very Good', u'label': u'Very Good'}]",[u'Jan 29'],[u'Jan 30'],[u'63.3'],./diamond-details/LD02160291,[u'Strong'],[True],LD02160291,[u'1.01'],"[{u'labelSmall': u'6.26 x 6.34 x 3.99', u'label': u'6.26 x 6.34 x 3.99 mm'}]",False,[u'Excellent'],8209,"[u'$8,128']",[u'RD'],[u'Round'],[u'Call'],[u'Call'],[u'LD02160291'],[u'Good'],[u'62.0']
30,[u'1.52'],[u'SI2'],[u'E'],[u'None'],"[{u'labelSmall': u'Very Good', u'label': u'Very Good'}]",[u'Feb 5'],[u'Feb 6'],[u'64.6'],./diamond-details/LD09584107,[u'Medium Blue'],[False],LD09584107,[u'1.01'],"[{u'labelSmall': u'7.16 x 7.10 x 4.61', u'label': u'7.16 x 7.10 x 4.61 mm'}]",False,[u'Very Good'],8209,"[u'$5,401']",[u'RD'],[u'Round'],[u'Call'],[u'Call'],[u'LD09584107'],[u'Excellent'],[u'58.0']
31,[u'1.30'],[u'VVS1'],[u'I'],[u'None'],"[{u'labelSmall': u'Ideal', u'label': u'Ideal'}]",[u'Feb 5'],[u'Feb 6'],[u'62.1'],./diamond-details/LD09659459,[u'None'],[True],LD09659459,[u'1.00'],"[{u'labelSmall': u'6.97 x 7.00 x 4.34', u'label': u'6.97 x 7.00 x 4.34 mm'}]",False,[u'Excellent'],8209,"[u'$6,315']",[u'RD'],[u'Round'],[u'Call'],[u'Call'],[u'LD09659459'],[u'Excellent'],[u'57.0']
32,[u'1.02'],[u'VS2'],[u'E'],[u'None'],"[{u'labelSmall': u'Ideal', u'label': u'Ideal'}]",[u'Feb 5'],[u'Feb 6'],[u'62.3'],./diamond-details/LD09678373,[u'None'],[False],LD09678373,[u'1.01'],"[{u'labelSmall': u'6.42 x 6.46 x 4.02', u'label': u'6.42 x 6.46 x 4.02 mm'}]",False,[u'Excellent'],8209,"[u'$8,048']",[u'RD'],[u'Round'],[u'Call'],[u'Call'],[u'LD09678373'],[u'Excellent'],[u'58.0']
33,[u'1.01'],[u'VVS2'],[u'D'],[u'None'],"[{u'labelSmall': u'Ideal', u'label': u'Ideal'}]",[u'Feb 5'],[u'Feb 6'],[u'62.5'],./diamond-details/LD09852234,[u'Strong'],[True],LD09852234,[u'1.01'],"[{u'labelSmall': u'6.42 x 6.37 x 4.00', u'label': u'6.42 x 6.37 x 4.00 mm'}]",False,[u'Excellent'],8209,"[u'$8,128']",[u'RD'],[u'Round'],[u'Call'],[u'Call'],[u'LD09852234'],[u'Excellent'],[u'58.0']
34,[u'1.41'],[u'VVS1'],[u'I'],[u'None'],"[{u'labelSmall': u'Very Good', u'label': u'Very Good'}]",[u'Feb 5'],[u'Feb 6'],[u'63.7'],./diamond-details/LD04042684,[u'None'],[True],LD04042684,[u'1.00'],"[{u'labelSmall': u'7.10 x 7.07 x 4.52', u'label': u'7.10 x 7.07 x 4.52 mm'}]",False,[u'Excellent'],8210,"[u'$5,823']",[u'RD'],[u'Round'],[u'Call'],[u'Call'],[u'LD04042684'],[u'Excellent'],[u'56.0']
35,[u'1.11'],[u'SI1'],[u'H'],[u'None'],"[{u'labelSmall': u'Astor', u'label': u'Astor Ideal'}]",[u'Jan 29'],[u'Jan 29'],[u'61.7'],./diamond-details/LD09355307,[u'None'],[True],LD09355307,[u'1.00'],"[{u'labelSmall': u'6.65 x 6.67 x 4.11', u'label': u'6.65 x 6.67 x 4.11 mm'}]",False,[u'Excellent'],8210,"[u'$7,396']",[u'RD'],[u'Round'],[u'Call'],[u'Call'],[u'LD09355307'],[u'Excellent'],[u'56.0']
36,[u'0.90'],[u'VVS1'],[u'E'],[u'None'],"[{u'labelSmall': u'Very Good', u'label': u'Very Good'}]",[u'Jan 31'],[u'Feb 1'],[u'62.2'],./diamond-details/LD02152322,[u'None'],[False],LD02152322,[u'1.01'],"[{u'labelSmall': u'6.23 x 6.18 x 3.86', u'label': u'6.23 x 6.18 x 3.86 mm'}]",False,[u'Very Good'],8211,"[u'$9,123']",[u'RD'],[u'Round'],[u'Call'],[u'Call'],[u'LD02152322'],[u'Good'],[u'57.0']
37,[u'1.50'],[u'SI2'],[u'G'],[u'None'],"[{u'labelSmall': u'Ideal', u'label': u'Ideal'}]",[u'Jan 29'],[u'Jan 30'],[u'63.2'],./diamond-details/LD07650857,[u'None'],[True],LD07650857,[u'1.01'],"[{u'labelSmall': u'7.25 x 7.29 x 4.60', u'label': u'7.25 x 7.29 x 4.60 mm'}]",False,[u'Excellent'],8211,"[u'$5,474']",[u'RD'],[u'Round'],[u'Call'],[u'Call'],[u'LD07650857'],[u'Excellent'],[u'57.0']
38,[u'1.23'],[u'VVS1'],[u'H'],[u'None'],"[{u'labelSmall': u'Ideal', u'label': u'Ideal'}]",[u'Jan 31'],[u'Feb 1'],[u'62.1'],./diamond-details/LD08856851,[u'None'],[False],LD08856851,[u'1.00'],"[{u'labelSmall': u'6.84 x 6.82 x 4.24', u'label': u'6.84 x 6.82 x 4.24 mm'}]",False,[u'Excellent'],8211,"[u'$6,676']",[u'RD'],[u'Round'],[u'Call'],[u'Call'],[u'LD08856851'],[u'Excellent'],[u'58.0']
39,[u'1.00'],[u'VS1'],[u'D'],[u'None'],"[{u'labelSmall': u'Ideal', u'label': u'Ideal'}]",[u'Feb 5'],[u'Feb 6'],[u'62.5'],./diamond-details/LD09545203,[u'Faint'],[True],LD09545203,[u'1.00'],"[{u'labelSmall': u'6.34 x 6.37 x 3.97', u'label': u'6.34 x 6.37 x 3.97 mm'}]",False,[u'Excellent'],8212,"[u'$8,212']",[u'RD'],[u'Round'],[u'Call'],[u'Call'],[u'LD09545203'],[u'Excellent'],[u'58.0']
40,[u'1.35'],[u'SI1'],[u'G'],[u'None'],"[{u'labelSmall': u'Ideal', u'label': u'Ideal'}]",[u'Feb 5'],[u'Feb 6'],[u'62.9'],./diamond-details/LD09994021,[u'None'],[False],LD09994021,[u'1.00'],"[{u'labelSmall': u'7.02 x 7.05 x 4.43', u'label': u'7.02 x 7.05 x 4.43 mm'}]",False,[u'Excellent'],8212,"[u'$6,083']",[u'RD'],[u'Round'],[u'Call'],[u'Call'],[u'LD09994021'],[u'Excellent'],[u'56.0']
41,[u'1.30'],[u'VS1'],[u'H'],[u'None'],"[{u'labelSmall': u'Ideal', u'label': u'Ideal'}]",[u'Jan 31'],[u'Feb 1'],[u'62.2'],./diamond-details/LD00016261,[u'Strong'],[False],LD00016261,[u'1.00'],"[{u'labelSmall': u'6.98 x 6.96 x 4.34', u'label': u'6.98 x 6.96 x 4.34 mm'}]",False,[u'Excellent'],8213,"[u'$6,318']",[u'RD'],[u'Round'],[u'Call'],[u'Call'],[u'LD00016261'],[u'Excellent'],[u'60.0']
42,[u'1.22'],[u'SI1'],[u'G'],[u'None'],"[{u'labelSmall': u'Ideal', u'label': u'Ideal'}]",[u'Feb 5'],[u'Feb 6'],[u'62.3'],./diamond-details/LD09889363,[u'Faint'],[True],LD09889363,[u'1.01'],"[{u'labelSmall': u'6.79 x 6.84 x 4.25', u'label': u'6.79 x 6.84 x 4.25 mm'}]",False,[u'Excellent'],8213,"[u'$6,732']",[u'RD'],[u'Round'],[u'Call'],[u'Call'],[u'LD09889363'],[u'Very Good'],[u'59.0']
43,[u'1.06'],[u'VS2'],[u'F'],[u'None'],"[{u'labelSmall': u'Ideal', u'label': u'Ideal'}]",[u'Feb 5'],[u'Feb 6'],[u'61.6'],./diamond-details/LD00000831,[u'None'],[True],LD00000831,[u'1.01'],"[{u'labelSmall': u'6.51 x 6.55 x 4.02', u'label': u'6.51 x 6.55 x 4.02 mm'}]",False,[u'Excellent'],8214,"[u'$7,749']",[u'RD'],[u'Round'],[u'Call'],[u'Call'],[u'LD00000831'],[u'Excellent'],[u'58.0']
44,[u'0.90'],[u'VVS1'],[u'D'],[u'None'],"[{u'labelSmall': u'Ideal', u'label': u'Ideal'}]",[u'Feb 5'],[u'Feb 6'],[u'59.2'],./diamond-details/LD09411947,[u'None'],[True],LD09411947,[u'1.01'],"[{u'labelSmall': u'6.32 x 6.28 x 3.73', u'label': u'6.32 x 6.28 x 3.73 mm'}]",False,[u'Excellent'],8214,"[u'$9,127']",[u'RD'],[u'Round'],[u'Call'],[u'Call'],[u'LD09411947'],[u'Excellent'],[u'62.0']
45,[u'0.90'],[u'VVS1'],[u'D'],[u'None'],"[{u'labelSmall': u'Ideal', u'label': u'Ideal'}]",[u'Feb 5'],[u'Feb 6'],[u'62.7'],./diamond-details/LD09615757,[u'None'],[True],LD09615757,[u'1.00'],"[{u'labelSmall': u'6.14 x 6.11 x 3.84', u'label': u'6.14 x 6.11 x 3.84 mm'}]",False,[u'Excellent'],8214,"[u'$9,127']",[u'RD'],[u'Round'],[u'Call'],[u'Call'],[u'LD09615757'],[u'Excellent'],[u'58.0']
46,[u'1.50'],[u'VVS2'],[u'J'],[u'None'],"[{u'labelSmall': u'Ideal', u'label': u'Ideal'}]",[u'Feb 5'],[u'Feb 6'],[u'62.1'],./diamond-details/LD09952842,[u'Medium'],[True],LD09952842,[u'1.01'],"[{u'labelSmall': u'7.29 x 7.33 x 4.54', u'label': u'7.29 x 7.33 x 4.54 mm'}]",False,[u'Excellent'],8214,"[u'$5,476']",[u'RD'],[u'Round'],[u'Call'],[u'Call'],[u'LD09952842'],[u'Excellent'],[u'58.0']
47,[u'1.00'],[u'VVS2'],[u'D'],[u'None'],"[{u'labelSmall': u'Very Good', u'label': u'Very Good'}]",[u'Feb 5'],[u'Feb 6'],[u'64.3'],./diamond-details/LD04654855,[u'None'],[True],LD04654855,[u'1.01'],"[{u'labelSmall': u'6.28 x 6.23 x 4.02', u'label': u'6.28 x 6.23 x 4.02 mm'}]",False,[u'Excellent'],8215,"[u'$8,215']",[u'RD'],[u'Round'],[u'Call'],[u'Call'],[u'LD04654855'],[u'Very Good'],[u'57.0']
48,[u'1.01'],[u'VS2'],[u'H'],[u'None'],"[{u'labelSmall': u'Good', u'label': u'Good'}]",[u'Feb 5'],[u'Feb 6'],[u'66.1'],./diamond-details/LD00001037,[u'None'],[False],LD00001037,[u'1.01'],"[{u'labelSmall': u'6.18 x 6.11 x 4.06', u'label': u'6.18 x 6.11 x 4.06 mm'}]",False,[u'Excellent'],8216,"[u'$8,135']",[u'RD'],[u'Round'],[u'Call'],[u'Call'],[u'LD00001037'],[u'Very Good'],[u'58.0']
49,[u'0.95'],[u'VVS2'],[u'E'],[u'None'],"[{u'labelSmall': u'Ideal', u'label': u'Ideal'}]",[u'Jan 31'],[u'Feb 1'],[u'62.0'],./diamond-details/LD06634387,[u'None'],[True],LD06634387,[u'1.00'],"[{u'labelSmall': u'6.29 x 6.31 x 3.91', u'label': u'6.29 x 6.31 x 3.91 mm'}]",False,[u'Excellent'],8216,"[u'$8,648']",[u'RD'],[u'Round'],[u'Call'],[u'Call'],[u'LD06634387'],[u'Excellent'],[u'56.0']
50,[u'1.30'],[u'VS1'],[u'I'],[u'None'],"[{u'labelSmall': u'Ideal', u'label': u'Ideal'}]",[u'Feb 5'],[u'Feb 6'],[u'61.0'],./diamond-details/LD09501161,[u'Faint'],[True],LD09501161,[u'1.01'],"[{u'labelSmall': u'7.01 x 7.05 x 4.29', u'label': u'7.01 x 7.05 x 4.29 mm'}]",False,[u'Excellent'],8216,"[u'$6,320']",[u'RD'],[u'Round'],[u'Call'],[u'Call'],[u'LD09501161'],[u'Excellent'],[u'60.0']
51,[u'1.54'],[u'SI2'],[u'F'],[u'None'],"[{u'labelSmall': u'Ideal', u'label': u'Ideal'}]",[u'Feb 5'],[u'Feb 6'],[u'62.1'],./diamond-details/LD09578966,[u'Strong'],[True],LD09578966,[u'1.01'],"[{u'labelSmall': u'7.36 x 7.40 x 4.58', u'label': u'7.36 x 7.40 x 4.58 mm'}]",False,[u'Excellent'],8216,"[u'$5,335']",[u'RD'],[u'Round'],[u'Call'],[u'Call'],[u'LD09578966'],[u'Excellent'],[u'59.0']
52,[u'1.40'],[u'VS2'],[u'I'],[u'None'],"[{u'labelSmall': u'Ideal', u'label': u'Ideal'}]",[u'Feb 2'],[u'Feb 5'],[u'62.8'],./diamond-details/LD09648621,[u'None'],[True],LD09648621,[u'1.01'],"[{u'labelSmall': u'7.08 x 7.13 x 4.46', u'label': u'7.08 x 7.13 x 4.46 mm'}]",False,[u'Excellent'],8216,"[u'$5,869']",[u'RD'],[u'Round'],[u'Call'],[u'Call'],[u'LD09648621'],[u'Excellent'],[u'59.0']
53,[u'1.40'],[u'VS2'],[u'I'],[u'None'],"[{u'labelSmall': u'Ideal', u'label': u'Ideal'}]",[u'Jan 29'],[u'Jan 30'],[u'62.4'],./diamond-details/LD09689688,[u'None'],[True],LD09689688,[u'1.01'],"[{u'labelSmall': u'7.17 x 7.13 x 4.46', u'label': u'7.17 x 7.13 x 4.46 mm'}]",False,[u'Excellent'],8216,"[u'$5,869']",[u'RD'],[u'Round'],[u'Call'],[u'Call'],[u'LD09689688'],[u'Excellent'],[u'58.0']
54,[u'1.00'],[u'VS1'],[u'E'],[u'None'],"[{u'labelSmall': u'Ideal', u'label': u'Ideal'}]",[u'Feb 5'],[u'Feb 6'],[u'62.3'],./diamond-details/LD09973372,[u'None'],[True],LD09973372,[u'1.01'],"[{u'labelSmall': u'6.41 x 6.34 x 3.97', u'label': u'6.41 x 6.34 x 3.97 mm'}]",False,[u'Very Good'],8216,"[u'$8,216']",[u'RD'],[u'Round'],[u'Call'],[u'Call'],[u'LD09973372'],[u'Very Good'],[u'56.0']
55,[u'1.41'],[u'SI1'],[u'I'],[u'None'],"[{u'labelSmall': u'Ideal', u'label': u'Ideal'}]",[u'Feb 5'],[u'Feb 6'],[u'62.2'],./diamond-details/LD00009297,[u'None'],[False],LD00009297,[u'1.00'],"[{u'labelSmall': u'7.16 x 7.18 x 4.46', u'label': u'7.16 x 7.18 x 4.46 mm'}]",False,[u'Excellent'],8217,"[u'$5,828']",[u'RD'],[u'Round'],[u'Call'],[u'Call'],[u'LD00009297'],[u'Excellent'],[u'56.0']
56,[u'0.90'],[u'VVS2'],[u'E'],[u'None'],"[{u'labelSmall': u'Ideal', u'label': u'Ideal'}]",[u'Feb 5'],[u'Feb 6'],[u'62.4'],./diamond-details/LD07408786,[u'None'],[False],LD07408786,[u'1.01'],"[{u'labelSmall': u'6.13 x 6.17 x 3.84', u'label': u'6.13 x 6.17 x 3.84 mm'}]",False,[u'Excellent'],8217,"[u'$9,130']",[u'RD'],[u'Round'],[u'Call'],[u'Call'],[u'LD07408786'],[u'Excellent'],[u'57.0']
57,[u'1.51'],[u'SI1'],[u'I'],[u'None'],"[{u'labelSmall': u'Ideal', u'label': u'Ideal'}]",[u'Feb 5'],[u'Feb 6'],[u'63.3'],./diamond-details/LD08591997,[u'None'],[False],LD08591997,[u'1.01'],"[{u'labelSmall': u'7.27 x 7.31 x 4.61', u'label': u'7.27 x 7.31 x 4.61 mm'}]",False,[u'Excellent'],8217,"[u'$5,442']",[u'RD'],[u'Round'],[u'Call'],[u'Call'],[u'LD08591997'],[u'Excellent'],[u'56.0']
58,[u'1.00'],[u'VVS1'],[u'F'],[u'None'],"[{u'labelSmall': u'Ideal', u'label': u'Ideal'}]",[u'Feb 5'],[u'Feb 6'],[u'62.1'],./diamond-details/LD09405337,[u'None'],[True],LD09405337,[u'1.01'],"[{u'labelSmall': u'6.33 x 6.42 x 3.96', u'label': u'6.33 x 6.42 x 3.96 mm'}]",False,[u'Excellent'],8217,"[u'$8,217']",[u'RD'],[u'Round'],[u'Call'],[u'Call'],[u'LD09405337'],[u'Very Good'],[u'61.0']
59,[u'1.31'],[u'VVS2'],[u'I'],[u'None'],"[{u'labelSmall': u'Ideal', u'label': u'Ideal'}]",[u'Feb 5'],[u'Feb 6'],[u'62.4'],./diamond-details/LD09659458,[u'None'],[True],LD09659458,[u'1.00'],"[{u'labelSmall': u'6.95 x 6.98 x 4.34', u'label': u'6.95 x 6.98 x 4.34 mm'}]",False,[u'Excellent'],8217,"[u'$6,273']",[u'RD'],[u'Round'],[u'Call'],[u'Call'],[u'LD09659458'],[u'Excellent'],[u'59.0']
60,[u'1.00'],[u'VVS1'],[u'F'],[u'None'],"[{u'labelSmall': u'Ideal', u'label': u'Ideal'}]",[u'Feb 5'],[u'Feb 6'],[u'61.3'],./diamond-details/LD09823828,[u'Faint'],[True],LD09823828,[u'1.00'],"[{u'labelSmall': u'6.40 x 6.43 x 3.93', u'label': u'6.40 x 6.43 x 3.93 mm'}]",False,[u'Excellent'],8217,"[u'$8,217']",[u'RD'],[u'Round'],[u'Call'],[u'Call'],[u'LD09823828'],[u'Excellent'],[u'59.0']
61,[u'1.70'],[u'SI2'],[u'I'],[u'None'],"[{u'labelSmall': u'Very Good', u'label': u'Very Good'}]",[u'Feb 5'],[u'Feb 6'],[u'64.1'],./diamond-details/LD09832253,[u'Faint'],[True],LD09832253,[u'1.01'],"[{u'labelSmall': u'7.49 x 7.43 x 4.78', u'label': u'7.49 x 7.43 x 4.78 mm'}]",False,[u'Excellent'],8217,"[u'$4,834']",[u'RD'],[u'Round'],[u'Call'],[u'Call'],[u'LD09832253'],[u'Excellent'],[u'58.0']
62,[u'0.90'],[u'VVS1'],[u'E'],[u'None'],"[{u'labelSmall': u'Ideal', u'label': u'Ideal'}]",[u'Feb 5'],[u'Feb 6'],[u'63.3'],./diamond-details/LD09914156,[u'None'],[True],LD09914156,[u'1.01'],"[{u'labelSmall': u'6.15 x 6.10 x 3.88', u'label': u'6.15 x 6.10 x 3.88 mm'}]",False,[u'Excellent'],8217,"[u'$9,130']",[u'RD'],[u'Round'],[u'Call'],[u'Call'],[u'LD09914156'],[u'Excellent'],[u'55.0']
63,[u'1.51'],[u'SI2'],[u'E'],[u'None'],"[{u'labelSmall': u'Very Good', u'label': u'Very Good'}]",[u'Jan 31'],[u'Feb 1'],[u'64.3'],./diamond-details/LD07287675,[u'Strong Blue'],[False],LD07287675,[u'1.01'],"[{u'labelSmall': u'7.23 x 7.14 x 4.62', u'label': u'7.23 x 7.14 x 4.62 mm'}]",False,[u'Excellent'],8218,"[u'$5,442']",[u'RD'],[u'Round'],[u'Call'],[u'Call'],[u'LD07287675'],[u'Very Good'],[u'59.0']
64,[u'1.52'],[u'SI1'],[u'I'],[u'None'],"[{u'labelSmall': u'Very Good', u'label': u'Very Good'}]",[u'Feb 5'],[u'Feb 6'],[u'65.0'],./diamond-details/LD09508060,[u'None'],[True],LD09508060,[u'1.01'],"[{u'labelSmall': u'7.09 x 7.16 x 4.63', u'label': u'7.09 x 7.16 x 4.63 mm'}]",False,[u'Excellent'],8218,"[u'$5,407']",[u'RD'],[u'Round'],[u'Call'],[u'Call'],[u'LD09508060'],[u'Very Good'],[u'55.0']
65,[u'0.96'],[u'VVS1'],[u'E'],[u'None'],"[{u'labelSmall': u'Ideal', u'label': u'Ideal'}]",[u'Feb 5'],[u'Feb 6'],[u'62.3'],./diamond-details/LD09963233,[u'Strong'],[True],LD09963233,[u'1.01'],"[{u'labelSmall': u'6.30 x 6.34 x 3.94', u'label': u'6.30 x 6.34 x 3.94 mm'}]",False,[u'Excellent'],8218,"[u'$8,560']",[u'RD'],[u'Round'],[u'Call'],[u'Call'],[u'LD09963233'],[u'Excellent'],[u'58.0']
66,[u'1.32'],[u'SI1'],[u'G'],[u'None'],"[{u'labelSmall': u'Ideal', u'label': u'Ideal'}]",[u'Feb 5'],[u'Feb 6'],[u'61.6'],./diamond-details/LD08850079,[u'None'],[True],LD08850079,[u'1.00'],"[{u'labelSmall': u'6.98 x 7.01 x 4.31', u'label': u'6.98 x 7.01 x 4.31 mm'}]",False,[u'Excellent'],8219,"[u'$6,227']",[u'RD'],[u'Round'],[u'Call'],[u'Call'],[u'LD08850079'],[u'Excellent'],[u'59.0']
67,[u'0.95'],[u'VVS2'],[u'D'],[u'None'],"[{u'labelSmall': u'Ideal', u'label': u'Ideal'}]",[u'Feb 5'],[u'Feb 6'],[u'63.5'],./diamond-details/LD09430824,[u'None'],[False],LD09430824,[u'1.00'],"[{u'labelSmall': u'6.25 x 6.23 x 3.96', u'label': u'6.25 x 6.23 x 3.96 mm'}]",False,[u'Excellent'],8219,"[u'$8,652']",[u'RD'],[u'Round'],[u'Call'],[u'Call'],[u'LD09430824'],[u'Excellent'],[u'56.0']
68,[u'1.01'],[u'VS1'],[u'E'],[u'None'],"[{u'labelSmall': u'Very Good', u'label': u'Very Good'}]",[u'Feb 5'],[u'Feb 6'],[u'58.8'],./diamond-details/LD04963907,[u'None'],[False],LD04963907,[u'1.00'],"[{u'labelSmall': u'6.51 x 6.48 x 3.82', u'label': u'6.51 x 6.48 x 3.82 mm'}]",False,[u'Excellent'],8220,"[u'$8,139']",[u'RD'],[u'Round'],[u'Call'],[u'Call'],[u'LD04963907'],[u'Excellent'],[u'65.0']
69,[u'1.01'],[u'VS1'],[u'E'],[u'None'],"[{u'labelSmall': u'Very Good', u'label': u'Very Good'}]",[u'Feb 5'],[u'Feb 6'],[u'64.4'],./diamond-details/LD05737944,[u'None'],[False],LD05737944,[u'1.00'],"[{u'labelSmall': u'6.26 x 6.28 x 4.04', u'label': u'6.26 x 6.28 x 4.04 mm'}]",False,[u'Excellent'],8220,"[u'$8,139']",[u'RD'],[u'Round'],[u'Call'],[u'Call'],[u'LD05737944'],[u'Excellent'],[u'56.0']
70,[u'1.40'],[u'VS1'],[u'J'],[u'None'],"[{u'labelSmall': u'Ideal', u'label': u'Ideal'}]",[u'Feb 5'],[u'Feb 6'],[u'61.5'],./diamond-details/LD09926077,[u'None'],[True],LD09926077,[u'1.01'],"[{u'labelSmall': u'7.15 x 7.19 x 4.41', u'label': u'7.15 x 7.19 x 4.41 mm'}]",False,[u'Excellent'],8220,"[u'$5,871']",[u'RD'],[u'Round'],[u'Call'],[u'Call'],[u'LD09926077'],[u'Excellent'],[u'60.0']
71,[u'1.01'],[u'VS2'],[u'D'],[u'None'],"[{u'labelSmall': u'Ideal', u'label': u'Ideal'}]",[u'Feb 5'],[u'Feb 6'],[u'62.2'],./diamond-details/LD09945730,[u'Faint'],[True],LD09945730,[u'1.01'],"[{u'labelSmall': u'6.36 x 6.41 x 3.97', u'label': u'6.36 x 6.41 x 3.97 mm'}]",False,[u'Excellent'],8220,"[u'$8,139']",[u'RD'],[u'Round'],[u'Call'],[u'Call'],[u'LD09945730'],[u'Excellent'],[u'58.0']
72,[u'1.17'],[u'VS2'],[u'H'],[u'None'],"[{u'labelSmall': u'Ideal', u'label': u'Ideal'}]",[u'Jan 31'],[u'Feb 1'],[u'62.3'],./diamond-details/LD02350182,[u'Faint'],[False],LD02350182,[u'1.00'],"[{u'labelSmall': u'6.73 x 6.76 x 4.20', u'label': u'6.73 x 6.76 x 4.20 mm'}]",False,[u'Excellent'],8221,"[u'$7,026']",[u'RD'],[u'Round'],[u'Call'],[u'Call'],[u'LD02350182'],[u'Excellent'],[u'55.0']
73,[u'1.45'],[u'SI1'],[u'I'],[u'None'],"[{u'labelSmall': u'Ideal', u'label': u'Ideal'}]",[u'Feb 2'],[u'Feb 5'],[u'59.9'],./diamond-details/LD09966565,[u'None'],[True],LD09966565,[u'1.00'],"[{u'labelSmall': u'7.34 x 7.36 x 4.40', u'label': u'7.34 x 7.36 x 4.40 mm'}]",False,[u'Excellent'],8221,"[u'$5,670']",[u'RD'],[u'Round'],[u'Call'],[u'Call'],[u'LD09966565'],[u'Excellent'],[u'59.0']
74,[u'1.02'],[u'VS1'],[u'F'],[u'Very Small'],"[{u'labelSmall': u'Very Good', u'label': u'Very Good'}]",[u'Jan 31'],[u'Feb 1'],[u'60.6'],./diamond-details/LD08028728,[u'None'],[False],LD08028728,[u'1.02'],"[{u'labelSmall': u'6.45 x 6.55 x 3.94', u'label': u'6.45 x 6.55 x 3.94 mm'}]",False,[u'Very Good'],8222,"[u'$8,061']",[u'RD'],[u'Round'],[u'Call'],[u'Call'],[u'LD08028728'],[u'Very Good'],[u'61.0']
75,[u'1.30'],[u'SI1'],[u'G'],[u'None'],"[{u'labelSmall': u'Ideal', u'label': u'Ideal'}]",[u'Feb 5'],[u'Feb 6'],[u'62.6'],./diamond-details/LD09680621,[u'None'],[True],LD09680621,[u'1.01'],"[{u'labelSmall': u'6.95 x 6.91 x 4.34', u'label': u'6.95 x 6.91 x 4.34 mm'}]",False,[u'Excellent'],8222,"[u'$6,325']",[u'RD'],[u'Round'],[u'Call'],[u'Call'],[u'LD09680621'],[u'Excellent'],[u'59.0']
76,[u'1.30'],[u'SI1'],[u'G'],[u'None'],"[{u'labelSmall': u'Ideal', u'label': u'Ideal'}]",[u'Feb 5'],[u'Feb 6'],[u'62.8'],./diamond-details/LD09862537,[u'None'],[True],LD09862537,[u'1.01'],"[{u'labelSmall': u'6.96 x 6.91 x 4.36', u'label': u'6.96 x 6.91 x 4.36 mm'}]",False,[u'Excellent'],8222,"[u'$6,325']",[u'RD'],[u'Round'],[u'Call'],[u'Call'],[u'LD09862537'],[u'Excellent'],[u'56.0']
77,[u'1.35'],[u'VS1'],[u'I'],[u'None'],"[{u'labelSmall': u'Ideal', u'label': u'Ideal'}]",[u'Feb 5'],[u'Feb 6'],[u'60.1'],./diamond-details/LD09983166,[u'None'],[True],LD09983166,[u'1.01'],"[{u'labelSmall': u'7.14 x 7.18 x 4.30', u'label': u'7.14 x 7.18 x 4.30 mm'}]",False,[u'Excellent'],8222,"[u'$6,090']",[u'RD'],[u'Round'],[u'Call'],[u'Call'],[u'LD09983166'],[u'Excellent'],[u'62.0']
78,[u'1.26'],[u'VS1'],[u'H'],[u'None'],"[{u'labelSmall': u'Ideal', u'label': u'Ideal'}]",[u'Feb 5'],[u'Feb 6'],[u'62.5'],./diamond-details/LD00009728,[u'None'],[False],LD00009728,[u'1.01'],"[{u'labelSmall': u'6.85 x 6.89 x 4.30', u'label': u'6.85 x 6.89 x 4.30 mm'}]",False,[u'Excellent'],8223,"[u'$6,526']",[u'RD'],[u'Round'],[u'Call'],[u'Call'],[u'LD00009728'],[u'Excellent'],[u'59.0']
79,[u'1.00'],[u'VS1'],[u'F'],[u'None'],"[{u'labelSmall': u'Ideal', u'label': u'Ideal'}]",[u'Feb 5'],[u'Feb 6'],[u'60.1'],./diamond-details/LD09885082,[u'None'],[True],LD09885082,[u'1.01'],"[{u'labelSmall': u'6.53 x 6.49 x 3.92', u'label': u'6.53 x 6.49 x 3.92 mm'}]",False,[u'Excellent'],8223,"[u'$8,223']",[u'RD'],[u'Round'],[u'Call'],[u'Call'],[u'LD09885082'],[u'Excellent'],[u'60.0']
80,[u'1.23'],[u'VVS2'],[u'J'],[u'None'],"[{u'labelSmall': u'Astor', u'label': u'Astor Ideal'}]",[u'Jan 29'],[u'Jan 29'],[u'61.1'],./diamond-details/LD09472157,[u'None'],[True],LD09472157,[u'1.00'],"[{u'labelSmall': u'6.91 x 6.94 x 4.23', u'label': u'6.91 x 6.94 x 4.23 mm'}]",False,[u'Excellent'],8224,"[u'$6,686']",[u'RD'],[u'Round'],[u'Call'],[u'Call'],[u'LD09472157'],[u'Excellent'],[u'56.0']
81,[u'1.31'],[u'SI1'],[u'F'],[u'None'],"[{u'labelSmall': u'Ideal', u'label': u'Ideal'}]",[u'Feb 5'],[u'Feb 6'],[u'62.6'],./diamond-details/LD09884822,[u'Strong Blue'],[True],LD09884822,[u'1.01'],"[{u'labelSmall': u'7.00 x 6.96 x 4.37', u'label': u'7.00 x 6.96 x 4.37 mm'}]",False,[u'Excellent'],8224,"[u'$6,278']",[u'RD'],[u'Round'],[u'Call'],[u'Call'],[u'LD09884822'],[u'Excellent'],[u'58.0']
82,[u'1.30'],[u'VS2'],[u'I'],[u'None'],"[{u'labelSmall': u'Ideal', u'label': u'Ideal'}]",[u'Feb 5'],[u'Feb 6'],[u'62.5'],./diamond-details/LD09912243,[u'Faint'],[True],LD09912243,[u'1.01'],"[{u'labelSmall': u'6.94 x 6.98 x 4.35', u'label': u'6.94 x 6.98 x 4.35 mm'}]",False,[u'Excellent'],8224,"[u'$6,326']",[u'RD'],[u'Round'],[u'Call'],[u'Call'],[u'LD09912243'],[u'Excellent'],[u'56.0']
83,[u'1.00'],[u'VVS2'],[u'D'],[u'None'],"[{u'labelSmall': u'Very Good', u'label': u'Very Good'}]",[u'Feb 2'],[u'Feb 5'],[u'64.1'],./diamond-details/LD07845240,[u'Medium Blue'],[False],LD07845240,[u'1.00'],"[{u'labelSmall': u'6.27 x 6.30 x 4.03', u'label': u'6.27 x 6.30 x 4.03 mm'}]",False,[u'Excellent'],8225,"[u'$8,225']",[u'RD'],[u'Round'],[u'Call'],[u'Call'],[u'LD07845240'],[u'Excellent'],[u'56.0']
84,[u'1.00'],[u'VVS1'],[u'E'],[u'None'],"[{u'labelSmall': u'Good', u'label': u'Good'}]",[u'Feb 5'],[u'Feb 6'],[u'65.0'],./diamond-details/LD09548828,[u'None'],[False],LD09548828,[u'1.01'],"[{u'labelSmall': u'6.29 x 6.23 x 4.07', u'label': u'6.29 x 6.23 x 4.07 mm'}]",False,[u'Excellent'],8225,"[u'$8,225']",[u'RD'],[u'Round'],[u'Call'],[u'Call'],[u'LD09548828'],[u'Excellent'],[u'59.0']
85,[u'1.02'],[u'VVS2'],[u'D'],[u'None'],"[{u'labelSmall': u'Ideal', u'label': u'Ideal'}]",[u'Jan 31'],[u'Feb 1'],[u'61.6'],./diamond-details/LD09638769,[u'Medium Blue'],[False],LD09638769,[u'1.00'],"[{u'labelSmall': u'6.45 x 6.43 x 3.97', u'label': u'6.45 x 6.43 x 3.97 mm'}]",False,[u'Excellent'],8225,"[u'$8,064']",[u'RD'],[u'Round'],[u'Call'],[u'Call'],[u'LD09638769'],[u'Excellent'],[u'59.0']
86,[u'1.51'],[u'VS1'],[u'I'],[u'None'],"[{u'labelSmall': u'Good', u'label': u'Good'}]",[u'Feb 5'],[u'Feb 6'],[u'65.6'],./diamond-details/LD09812429,[u'None'],[True],LD09812429,[u'1.01'],"[{u'labelSmall': u'7.12 x 7.06 x 4.65', u'label': u'7.12 x 7.06 x 4.65 mm'}]",False,[u'Excellent'],8225,"[u'$5,447']",[u'RD'],[u'Round'],[u'Call'],[u'Call'],[u'LD09812429'],[u'Very Good'],[u'58.0']
87,[u'1.21'],[u'SI1'],[u'E'],[u'None'],"[{u'labelSmall': u'Ideal', u'label': u'Ideal'}]",[u'Feb 5'],[u'Feb 6'],[u'62.3'],./diamond-details/LD09969990,[u'Faint'],[False],LD09969990,[u'1.00'],"[{u'labelSmall': u'6.79 x 6.82 x 4.24', u'label': u'6.79 x 6.82 x 4.24 mm'}]",False,[u'Excellent'],8225,"[u'$6,798']",[u'RD'],[u'Round'],[u'Call'],[u'Call'],[u'LD09969990'],[u'Excellent'],[u'56.0']
88,[u'0.90'],[u'IF'],[u'D'],[u'None'],"[{u'labelSmall': u'Ideal', u'label': u'Ideal'}]",[u'Jan 31'],[u'Feb 1'],[u'59.3'],./diamond-details/LD08155920,[u'Strong'],[True],LD08155920,[u'1.01'],"[{u'labelSmall': u'6.32 x 6.27 x 3.73', u'label': u'6.32 x 6.27 x 3.73 mm'}]",False,[u'Excellent'],8226,"[u'$9,140']",[u'RD'],[u'Round'],[u'Call'],[u'Call'],[u'LD08155920'],[u'Excellent'],[u'60.0']
89,[u'1.21'],[u'SI1'],[u'D'],[u'None'],"[{u'labelSmall': u'Ideal', u'label': u'Ideal'}]",[u'Feb 5'],[u'Feb 6'],[u'62.0'],./diamond-details/LD08488841,[u'Faint'],[True],LD08488841,[u'1.00'],"[{u'labelSmall': u'6.85 x 6.82 x 4.24', u'label': u'6.85 x 6.82 x 4.24 mm'}]",False,[u'Excellent'],8226,"[u'$6,798']",[u'RD'],[u'Round'],[u'Call'],[u'Call'],[u'LD08488841'],[u'Excellent'],[u'56.0']
90,[u'1.22'],[u'VS1'],[u'H'],[u'None'],"[{u'labelSmall': u'Ideal', u'label': u'Ideal'}]",[u'Feb 5'],[u'Feb 6'],[u'62.7'],./diamond-details/LD09726001,[u'None'],[True],LD09726001,[u'1.00'],"[{u'labelSmall': u'6.81 x 6.83 x 4.28', u'label': u'6.81 x 6.83 x 4.28 mm'}]",False,[u'Excellent'],8226,"[u'$6,743']",[u'RD'],[u'Round'],[u'Call'],[u'Call'],[u'LD09726001'],[u'Excellent'],[u'56.0']
91,[u'1.40'],[u'SI1'],[u'I'],[u'None'],"[{u'labelSmall': u'Ideal', u'label': u'Ideal'}]",[u'Feb 5'],[u'Feb 6'],[u'62.3'],./diamond-details/LD09906913,[u'None'],[True],LD09906913,[u'1.01'],"[{u'labelSmall': u'7.14 x 7.10 x 4.44', u'label': u'7.14 x 7.10 x 4.44 mm'}]",False,[u'Excellent'],8226,"[u'$5,876']",[u'RD'],[u'Round'],[u'Call'],[u'Call'],[u'LD09906913'],[u'Excellent'],[u'58.0']
92,[u'1.23'],[u'VS2'],[u'H'],[u'None'],"[{u'labelSmall': u'Ideal', u'label': u'Ideal'}]",[u'Feb 5'],[u'Feb 6'],[u'62.4'],./diamond-details/LD09941822,[u'None'],[True],LD09941822,[u'1.01'],"[{u'labelSmall': u'6.80 x 6.84 x 4.26', u'label': u'6.80 x 6.84 x 4.26 mm'}]",False,[u'Excellent'],8226,"[u'$6,688']",[u'RD'],[u'Round'],[u'Call'],[u'Call'],[u'LD09941822'],[u'Excellent'],[u'58.0']
93,[u'1.20'],[u'VVS1'],[u'H'],[u'None'],"[{u'labelSmall': u'Ideal', u'label': u'Ideal'}]",[u'Feb 5'],[u'Feb 6'],[u'62.8'],./diamond-details/LD09936874,[u'None'],[False],LD09936874,[u'1.00'],"[{u'labelSmall': u'6.77 x 6.74 x 4.25', u'label': u'6.77 x 6.74 x 4.25 mm'}]",False,[u'Excellent'],8227,"[u'$6,856']",[u'RD'],[u'Round'],[u'Call'],[u'Call'],[u'LD09936874'],[u'Excellent'],[u'57.0']
94,[u'1.51'],[u'SI2'],[u'G'],[u'None'],"[{u'labelSmall': u'Ideal', u'label': u'Ideal'}]",[u'Feb 5'],[u'Feb 6'],[u'59.2'],./diamond-details/LD09940749,[u'Strong Blue'],[True],LD09940749,[u'1.01'],"[{u'labelSmall': u'7.50 x 7.45 x 4.43', u'label': u'7.50 x 7.45 x 4.43 mm'}]",False,[u'Excellent'],8227,"[u'$5,448']",[u'RD'],[u'Round'],[u'Call'],[u'Call'],[u'LD09940749'],[u'Excellent'],[u'60.0']
95,[u'1.08'],[u'VS1'],[u'G'],[u'None'],"[{u'labelSmall': u'Ideal', u'label': u'Ideal'}]",[u'Feb 5'],[u'Feb 6'],[u'61.6'],./diamond-details/LD09998799,[u'None'],[True],LD09998799,[u'1.00'],"[{u'labelSmall': u'6.59 x 6.56 x 4.05', u'label': u'6.59 x 6.56 x 4.05 mm'}]",False,[u'Excellent'],8227,"[u'$7,618']",[u'RD'],[u'Round'],[u'Call'],[u'Call'],[u'LD09998799'],[u'Excellent'],[u'59.0']
96,[u'1.10'],[u'VVS2'],[u'G'],[u'None'],"[{u'labelSmall': u'Ideal', u'label': u'Ideal'}]",[u'Feb 5'],[u'Feb 6'],[u'61.6'],./diamond-details/LD09825769,[u'None'],[True],LD09825769,[u'1.00'],"[{u'labelSmall': u'6.65 x 6.63 x 4.09', u'label': u'6.65 x 6.63 x 4.09 mm'}]",False,[u'Excellent'],8228,"[u'$7,480']",[u'RD'],[u'Round'],[u'Call'],[u'Call'],[u'LD09825769'],[u'Excellent'],[u'59.0']
97,[u'1.16'],[u'VS2'],[u'G'],[u'None'],"[{u'labelSmall': u'Ideal', u'label': u'Ideal'}]",[u'Feb 5'],[u'Feb 6'],[u'61.4'],./diamond-details/LD09934171,[u'None'],[False],LD09934171,[u'1.01'],"[{u'labelSmall': u'6.74 x 6.78 x 4.15', u'label': u'6.74 x 6.78 x 4.15 mm'}]",False,[u'Excellent'],8228,"[u'$7,093']",[u'RD'],[u'Round'],[u'Call'],[u'Call'],[u'LD09934171'],[u'Excellent'],[u'61.0']
98,[u'1.10'],[u'VS1'],[u'G'],[u'None'],"[{u'labelSmall': u'Ideal', u'label': u'Ideal'}]",[u'Feb 5'],[u'Feb 6'],[u'61.6'],./diamond-details/LD09990301,[u'None'],[True],LD09990301,[u'1.01'],"[{u'labelSmall': u'6.60 x 6.64 x 4.08', u'label': u'6.60 x 6.64 x 4.08 mm'}]",False,[u'Excellent'],8228,"[u'$7,480']",[u'RD'],[u'Round'],[u'Call'],[u'Call'],[u'LD09990301'],[u'Excellent'],[u'56.0']
99,[u'1.00'],[u'VS2'],[u'E'],[u'None'],"[{u'labelSmall': u'Ideal', u'label': u'Ideal'}]",[u'Feb 2'],[u'Feb 5'],[u'59.6'],./diamond-details/LD09957707,[u'None'],[True],LD09957707,[u'1.00'],"[{u'labelSmall': u'6.48 x 6.51 x 3.87', u'label': u'6.48 x 6.51 x 3.87 mm'}]",False,[u'Excellent'],8229,"[u'$8,229']",[u'RD'],[u'Round'],[u'Call'],[u'Call'],[u'LD09957707'],[u'Excellent'],[u'59.0']
100,[u'1.00'],[u'IF'],[u'G'],[u'None'],"[{u'labelSmall': u'Ideal', u'label': u'Ideal'}]",[u'Feb 5'],[u'Feb 6'],[u'62.3'],./diamond-details/LD00015449,[u'None'],[True],LD00015449,[u'1.01'],"[{u'labelSmall': u'6.38 x 6.42 x 3.99', u'label': u'6.38 x 6.42 x 3.99 mm'}]",False,[u'Excellent'],8230,"[u'$8,230']",[u'RD'],[u'Round'],[u'Call'],[u'Call'],[u'LD00015449'],[u'Excellent'],[u'59.0']
101,[u'1.11'],[u'VS1'],[u'G'],[u'None'],"[{u'labelSmall': u'Ideal', u'label': u'Ideal'}]",[u'Feb 5'],[u'Feb 6'],[u'62.4'],./diamond-details/LD09811416,[u'None'],[True],LD09811416,[u'1.00'],"[{u'labelSmall': u'6.63 x 6.60 x 4.13', u'label': u'6.63 x 6.60 x 4.13 mm'}]",False,[u'Excellent'],8230,"[u'$7,414']",[u'RD'],[u'Round'],[u'Call'],[u'Call'],[u'LD09811416'],[u'Excellent'],[u'58.0']
102,[u'1.08'],[u'VVS2'],[u'G'],[u'None'],"[{u'labelSmall': u'Ideal', u'label': u'Ideal'}]",[u'Feb 5'],[u'Feb 6'],[u'61.6'],./diamond-details/LD09727576,[u'None'],[False],LD09727576,[u'1.00'],"[{u'labelSmall': u'6.56 x 6.59 x 4.05', u'label': u'6.56 x 6.59 x 4.05 mm'}]",False,[u'Excellent'],8232,"[u'$7,622']",[u'RD'],[u'Round'],[u'Call'],[u'Call'],[u'LD09727576'],[u'Excellent'],[u'57.0']
103,[u'1.05'],[u'VVS2'],[u'G'],[u'None'],"[{u'labelSmall': u'Ideal', u'label': u'Ideal'}]",[u'Feb 5'],[u'Feb 6'],[u'61.5'],./diamond-details/LD09858753,[u'None'],[True],LD09858753,[u'1.00'],"[{u'labelSmall': u'6.52 x 6.54 x 4.02', u'label': u'6.52 x 6.54 x 4.02 mm'}]",False,[u'Excellent'],8232,"[u'$7,840']",[u'RD'],[u'Round'],[u'Call'],[u'Call'],[u'LD09858753'],[u'Excellent'],[u'58.0']
104,[u'1.10'],[u'SI1'],[u'D'],[u'None'],"[{u'labelSmall': u'Ideal', u'label': u'Ideal'}]",[u'Feb 5'],[u'Feb 6'],[u'62.7'],./diamond-details/LD09884977,[u'None'],[True],LD09884977,[u'1.00'],"[{u'labelSmall': u'6.60 x 6.57 x 4.13', u'label': u'6.60 x 6.57 x 4.13 mm'}]",False,[u'Excellent'],8232,"[u'$7,484']",[u'RD'],[u'Round'],[u'Call'],[u'Call'],[u'LD09884977'],[u'Excellent'],[u'57.0']
105,[u'1.19'],[u'VS2'],[u'G'],[u'None'],"[{u'labelSmall': u'Ideal', u'label': u'Ideal'}]",[u'Feb 5'],[u'Feb 6'],[u'62.3'],./diamond-details/LD09943157,[u'None'],[True],LD09943157,[u'1.01'],"[{u'labelSmall': u'6.82 x 6.77 x 4.23', u'label': u'6.82 x 6.77 x 4.23 mm'}]",False,[u'Excellent'],8232,"[u'$6,918']",[u'RD'],[u'Round'],[u'Call'],[u'Call'],[u'LD09943157'],[u'Excellent'],[u'57.0']
106,[u'1.50'],[u'SI2'],[u'I'],[u'None'],"[{u'labelSmall': u'Ideal', u'label': u'Ideal'}]",[u'Feb 5'],[u'Feb 6'],[u'59.8'],./diamond-details/LD09973362,[u'None'],[False],LD09973362,[u'1.00'],"[{u'labelSmall': u'7.42 x 7.39 x 4.43', u'label': u'7.42 x 7.39 x 4.43 mm'}]",False,[u'Excellent'],8233,"[u'$5,489']",[u'RD'],[u'Round'],[u'Call'],[u'Call'],[u'LD09973362'],[u'Excellent'],[u'61.0']
107,[u'1.00'],[u'VS1'],[u'D'],[u'None'],"[{u'labelSmall': u'Good', u'label': u'Good'}]",[u'Feb 5'],[u'Feb 6'],[u'64.7'],./diamond-details/LD04926885,[u'None'],[False],LD04926885,[u'1.01'],"[{u'labelSmall': u'6.14 x 6.23 x 4.01', u'label': u'6.14 x 6.23 x 4.01 mm'}]",False,[u'Excellent'],8234,"[u'$8,234']",[u'RD'],[u'Round'],[u'Call'],[u'Call'],[u'LD04926885'],[u'Good'],[u'58.0']
108,[u'1.05'],[u'VVS1'],[u'G'],[u'None'],"[{u'labelSmall': u'Ideal', u'label': u'Ideal'}]",[u'Feb 5'],[u'Feb 6'],[u'61.4'],./diamond-details/LD07280732,[u'None'],[True],LD07280732,[u'1.01'],"[{u'labelSmall': u'6.57 x 6.52 x 4.02', u'label': u'6.57 x 6.52 x 4.02 mm'}]",False,[u'Excellent'],8235,"[u'$7,843']",[u'RD'],[u'Round'],[u'Call'],[u'Call'],[u'LD07280732'],[u'Excellent'],[u'59.0']
109,[u'1.31'],[u'VS2'],[u'H'],[u'None'],"[{u'labelSmall': u'Ideal', u'label': u'Ideal'}]",[u'Feb 5'],[u'Feb 6'],[u'60.5'],./diamond-details/LD09002258,[u'None'],[True],LD09002258,[u'1.00'],"[{u'labelSmall': u'7.06 x 7.08 x 4.28', u'label': u'7.06 x 7.08 x 4.28 mm'}]",False,[u'Excellent'],8235,"[u'$6,286']",[u'RD'],[u'Round'],[u'Call'],[u'Call'],[u'LD09002258'],[u'Excellent'],[u'60.0']
110,[u'1.18'],[u'VS1'],[u'G'],[u'None'],"[{u'labelSmall': u'Ideal', u'label': u'Ideal'}]",[u'Feb 2'],[u'Feb 5'],[u'59.9'],./diamond-details/LD09678926,[u'None'],[True],LD09678926,[u'1.00'],"[{u'labelSmall': u'6.87 x 6.89 x 4.12', u'label': u'6.87 x 6.89 x 4.12 mm'}]",False,[u'Excellent'],8235,"[u'$6,979']",[u'RD'],[u'Round'],[u'Call'],[u'Call'],[u'LD09678926'],[u'Excellent'],[u'62.0']
111,[u'1.11'],[u'VS1'],[u'G'],[u'None'],"[{u'labelSmall': u'Ideal', u'label': u'Ideal'}]",[u'Feb 5'],[u'Feb 6'],[u'62.8'],./diamond-details/LD09949931,[u'None'],[False],LD09949931,[u'1.00'],"[{u'labelSmall': u'6.59 x 6.61 x 4.15', u'label': u'6.59 x 6.61 x 4.15 mm'}]",False,[u'Excellent'],8235,"[u'$7,419']",[u'RD'],[u'Round'],[u'Call'],[u'Call'],[u'LD09949931'],[u'Excellent'],[u'56.0']
112,[u'1.01'],[u'VVS2'],[u'D'],[u'None'],"[{u'labelSmall': u'Very Good', u'label': u'Very Good'}]",[u'Feb 5'],[u'Feb 6'],[u'64.6'],./diamond-details/LD09795525,[u'None'],[True],LD09795525,[u'1.01'],"[{u'labelSmall': u'6.18 x 6.26 x 4.02', u'label': u'6.18 x 6.26 x 4.02 mm'}]",False,[u'Excellent'],8236,"[u'$8,154']",[u'RD'],[u'Round'],[u'Call'],[u'Call'],[u'LD09795525'],[u'Very Good'],[u'58.0']
113,[u'1.10'],[u'VS2'],[u'F'],[u'None'],"[{u'labelSmall': u'Ideal', u'label': u'Ideal'}]",[u'Jan 31'],[u'Feb 1'],[u'59.3'],./diamond-details/LD09872701,[u'None'],[False],LD09872701,[u'1.00'],"[{u'labelSmall': u'6.74 x 6.75 x 4.00', u'label': u'6.74 x 6.75 x 4.00 mm'}]",False,[u'Excellent'],8236,"[u'$7,487']",[u'RD'],[u'Round'],[u'Call'],[u'Call'],[u'LD09872701'],[u'Excellent'],[u'59.0']
114,[u'1.50'],[u'SI2'],[u'E'],[u'None'],"[{u'labelSmall': u'Good', u'label': u'Good'}]",[u'Feb 5'],[u'Feb 6'],[u'66.0'],./diamond-details/LD09680838,[u'Faint'],[True],LD09680838,[u'1.01'],"[{u'labelSmall': u'7.06 x 7.00 x 4.64', u'label': u'7.06 x 7.00 x 4.64 mm'}]",False,[u'Excellent'],8237,"[u'$5,491']",[u'RD'],[u'Round'],[u'Call'],[u'Call'],[u'LD09680838'],[u'Excellent'],[u'56.0']
115,[u'1.14'],[u'VVS1'],[u'H'],[u'None'],"[{u'labelSmall': u'Ideal', u'label': u'Ideal'}]",[u'Feb 5'],[u'Feb 6'],[u'61.2'],./diamond-details/LD09804786,[u'None'],[True],LD09804786,[u'1.01'],"[{u'labelSmall': u'6.69 x 6.73 x 4.11', u'label': u'6.69 x 6.73 x 4.11 mm'}]",False,[u'Excellent'],8237,"[u'$7,225']",[u'RD'],[u'Round'],[u'Call'],[u'Call'],[u'LD09804786'],[u'Excellent'],[u'60.0']
116,[u'1.40'],[u'SI1'],[u'I'],[u'None'],"[{u'labelSmall': u'Ideal', u'label': u'Ideal'}]",[u'Feb 2'],[u'Feb 5'],[u'62.4'],./diamond-details/LD00012317,[u'None'],[False],LD00012317,[u'1.01'],"[{u'labelSmall': u'7.12 x 7.16 x 4.45', u'label': u'7.12 x 7.16 x 4.45 mm'}]",False,[u'Excellent'],8238,"[u'$5,884']",[u'RD'],[u'Round'],[u'Call'],[u'Call'],[u'LD00012317'],[u'Excellent'],[u'57.0']
117,[u'1.01'],[u'VS2'],[u'D'],[u'None'],"[{u'labelSmall': u'Very Good', u'label': u'Very Good'}]",[u'Feb 5'],[u'Feb 6'],[u'60.9'],./diamond-details/LD09015410,[u'Medium'],[False],LD09015410,[u'1.01'],"[{u'labelSmall': u'6.47 x 6.43 x 3.93', u'label': u'6.47 x 6.43 x 3.93 mm'}]",False,[u'Good'],8238,"[u'$8,156']",[u'RD'],[u'Round'],[u'Call'],[u'Call'],[u'LD09015410'],[u'Good'],[u'55.0']
118,[u'1.42'],[u'VS2'],[u'I'],[u'None'],"[{u'labelSmall': u'Ideal', u'label': u'Ideal'}]",[u'Feb 5'],[u'Feb 6'],[u'60.5'],./diamond-details/LD09317700,[u'None'],[True],LD09317700,[u'1.00'],"[{u'labelSmall': u'7.31 x 7.28 x 4.42', u'label': u'7.31 x 7.28 x 4.42 mm'}]",False,[u'Excellent'],8238,"[u'$5,801']",[u'RD'],[u'Round'],[u'Call'],[u'Call'],[u'LD09317700'],[u'Excellent'],[u'59.0']
119,[u'1.30'],[u'VS2'],[u'H'],[u'None'],"[{u'labelSmall': u'Very Good', u'label': u'Very Good'}]",[u'Jan 31'],[u'Feb 1'],[u'61.4'],./diamond-details/LD00014943,[u'None'],[False],LD00014943,[u'1.00'],"[{u'labelSmall': u'7.01 x 6.98 x 4.29', u'label': u'7.01 x 6.98 x 4.29 mm'}]",False,[u'Excellent'],8239,"[u'$6,338']",[u'RD'],[u'Round'],[u'Call'],[u'Call'],[u'LD00014943'],[u'Excellent'],[u'58.0']
120,[u'1.22'],[u'VVS2'],[u'H'],[u'None'],"[{u'labelSmall': u'Ideal', u'label': u'Ideal'}]",[u'Jan 29'],[u'Jan 30'],[u'62.6'],./diamond-details/LD00284410,[u'None'],[True],LD00284410,[u'1.01'],"[{u'labelSmall': u'6.78 x 6.83 x 4.26', u'label': u'6.78 x 6.83 x 4.26 mm'}]",False,[u'Excellent'],8240,"[u'$6,754']",[u'RD'],[u'Round'],[u'Call'],[u'Call'],[u'LD00284410'],[u'Excellent'],[u'58.0']
121,[u'1.25'],[u'SI1'],[u'F'],[u'None'],"[{u'labelSmall': u'Ideal', u'label': u'Ideal'}]",[u'Feb 5'],[u'Feb 6'],[u'60.9'],./diamond-details/LD09902706,[u'Faint'],[True],LD09902706,[u'1.01'],"[{u'labelSmall': u'6.92 x 6.96 x 4.22', u'label': u'6.92 x 6.96 x 4.22 mm'}]",False,[u'Excellent'],8240,"[u'$6,592']",[u'RD'],[u'Round'],[u'Call'],[u'Call'],[u'LD09902706'],[u'Excellent'],[u'57.0']
122,[u'1.04'],[u'VVS1'],[u'F'],[u'None'],"[{u'labelSmall': u'Ideal', u'label': u'Ideal'}]",[u'Feb 5'],[u'Feb 6'],[u'61.0'],./diamond-details/LD09911136,[u'Medium'],[True],LD09911136,[u'1.00'],"[{u'labelSmall': u'6.51 x 6.53 x 3.98', u'label': u'6.51 x 6.53 x 3.98 mm'}]",False,[u'Excellent'],8240,"[u'$7,923']",[u'RD'],[u'Round'],[u'Call'],[u'Call'],[u'LD09911136'],[u'Excellent'],[u'60.0']
123,[u'1.00'],[u'VVS2'],[u'D'],[u'None'],"[{u'labelSmall': u'Ideal', u'label': u'Ideal'}]",[u'Feb 5'],[u'Feb 6'],[u'63.4'],./diamond-details/LD09197579,[u'Faint'],[True],LD09197579,[u'1.01'],"[{u'labelSmall': u'6.31 x 6.38 x 4.02', u'label': u'6.31 x 6.38 x 4.02 mm'}]",False,[u'Excellent'],8243,"[u'$8,243']",[u'RD'],[u'Round'],[u'Call'],[u'Call'],[u'LD09197579'],[u'Very Good'],[u'57.0']
124,[u'1.50'],[u'SI1'],[u'I'],[u'None'],"[{u'labelSmall': u'Very Good', u'label': u'Very Good'}]",[u'Feb 2'],[u'Feb 5'],[u'64.7'],./diamond-details/LD09490574,[u'Faint'],[True],LD09490574,[u'1.01'],"[{u'labelSmall': u'7.10 x 7.15 x 4.61', u'label': u'7.10 x 7.15 x 4.61 mm'}]",False,[u'Very Good'],8243,"[u'$5,495']",[u'RD'],[u'Round'],[u'Call'],[u'Call'],[u'LD09490574'],[u'Very Good'],[u'56.0']
125,[u'1.41'],[u'SI2'],[u'H'],[u'None'],"[{u'labelSmall': u'Very Good', u'label': u'Very Good'}]",[u'Jan 31'],[u'Feb 1'],[u'62.0'],./diamond-details/LD05373019,[u'None'],[False],LD05373019,[u'1.01'],"[{u'labelSmall': u'7.15 x 7.06 x 4.40', u'label': u'7.15 x 7.06 x 4.40 mm'}]",False,[u'Very Good'],8244,"[u'$5,847']",[u'RD'],[u'Round'],[u'Call'],[u'Call'],[u'LD05373019'],[u'Good'],[u'59.0']
126,[u'1.58'],[u'VVS2'],[u'J'],[u'None'],"[{u'labelSmall': u'Ideal', u'label': u'Ideal'}]",[u'Feb 5'],[u'Feb 6'],[u'62.4'],./diamond-details/LD09837038,[u'Medium'],[True],LD09837038,[u'1.01'],"[{u'labelSmall': u'7.38 x 7.43 x 4.62', u'label': u'7.38 x 7.43 x 4.62 mm'}]",False,[u'Excellent'],8244,"[u'$5,218']",[u'RD'],[u'Round'],[u'Call'],[u'Call'],[u'LD09837038'],[u'Excellent'],[u'58.0']
127,[u'1.20'],[u'VS2'],[u'G'],[u'None'],"[{u'labelSmall': u'Ideal', u'label': u'Ideal'}]",[u'Feb 2'],[u'Feb 5'],[u'62.3'],./diamond-details/LD09919134,[u'None'],[True],LD09919134,[u'1.00'],"[{u'labelSmall': u'6.76 x 6.78 x 4.22', u'label': u'6.76 x 6.78 x 4.22 mm'}]",False,[u'Excellent'],8244,"[u'$6,870']",[u'RD'],[u'Round'],[u'Call'],[u'Call'],[u'LD09919134'],[u'Excellent'],[u'57.0']
128,[u'1.08'],[u'VVS2'],[u'G'],[u'None'],"[{u'labelSmall': u'Ideal', u'label': u'Ideal'}]",[u'Feb 5'],[u'Feb 6'],[u'62.0'],./diamond-details/LD02683863,[u'None'],[False],LD02683863,[u'1.00'],"[{u'labelSmall': u'6.58 x 6.55 x 4.07', u'label': u'6.58 x 6.55 x 4.07 mm'}]",False,[u'Excellent'],8245,"[u'$7,634']",[u'RD'],[u'Round'],[u'Call'],[u'Call'],[u'LD02683863'],[u'Excellent'],[u'57.0']
129,[u'1.02'],[u'VS2'],[u'E'],[u'None'],"[{u'labelSmall': u'Ideal', u'label': u'Ideal'}]",[u'Jan 31'],[u'Feb 1'],[u'61.8'],./diamond-details/LD07689016,[u'Faint'],[True],LD07689016,[u'1.00'],"[{u'labelSmall': u'6.45 x 6.48 x 4.00', u'label': u'6.45 x 6.48 x 4.00 mm'}]",False,[u'Excellent'],8245,"[u'$8,083']",[u'RD'],[u'Round'],[u'Call'],[u'Call'],[u'LD07689016'],[u'Excellent'],[u'56.0']
130,[u'1.25'],[u'VS1'],[u'H'],[u'None'],"[{u'labelSmall': u'Ideal', u'label': u'Ideal'}]",[u'Feb 5'],[u'Feb 6'],[u'62.4'],./diamond-details/LD00014278,[u'None'],[True],LD00014278,[u'1.01'],"[{u'labelSmall': u'6.85 x 6.90 x 4.29', u'label': u'6.85 x 6.90 x 4.29 mm'}]",False,[u'Excellent'],8246,"[u'$6,597']",[u'RD'],[u'Round'],[u'Call'],[u'Call'],[u'LD00014278'],[u'Excellent'],[u'58.0']
131,[u'1.20'],[u'VS2'],[u'D'],[u'None'],"[{u'labelSmall': u'Ideal', u'label': u'Ideal'}]",[u'Jan 31'],[u'Feb 1'],[u'62.7'],./diamond-details/LD09857094,[u'Strong'],[True],LD09857094,[u'1.00'],"[{u'labelSmall': u'6.76 x 6.79 x 4.25', u'label': u'6.76 x 6.79 x 4.25 mm'}]",False,[u'Excellent'],8246,"[u'$6,872']",[u'RD'],[u'Round'],[u'Call'],[u'Call'],[u'LD09857094'],[u'Excellent'],[u'59.0']
132,[u'1.00'],[u'VS2'],[u'E'],[u'None'],"[{u'labelSmall': u'Ideal', u'label': u'Ideal'}]",[u'Feb 5'],[u'Feb 6'],[u'61.6'],./diamond-details/LD09971367,[u'None'],[False],LD09971367,[u'1.01'],"[{u'labelSmall': u'6.41 x 6.45 x 3.96', u'label': u'6.41 x 6.45 x 3.96 mm'}]",False,[u'Excellent'],8246,"[u'$8,246']",[u'RD'],[u'Round'],[u'Call'],[u'Call'],[u'LD09971367'],[u'Excellent'],[u'59.0']
133,[u'1.29'],[u'SI1'],[u'E'],[u'None'],"[{u'labelSmall': u'Ideal', u'label': u'Ideal'}]",[u'Feb 5'],[u'Feb 6'],[u'60.4'],./diamond-details/LD00009275,[u'Medium'],[False],LD00009275,[u'1.00'],"[{u'labelSmall': u'6.99 x 7.02 x 4.23', u'label': u'6.99 x 7.02 x 4.23 mm'}]",False,[u'Excellent'],8247,"[u'$6,393']",[u'RD'],[u'Round'],[u'Call'],[u'Call'],[u'LD00009275'],[u'Excellent'],[u'60.0']
134,[u'1.23'],[u'VS2'],[u'E'],[u'None'],"[{u'labelSmall': u'Ideal', u'label': u'Ideal'}]",[u'Feb 5'],[u'Feb 6'],[u'62.6'],./diamond-details/LD09898136,[u'Strong Blue'],[True],LD09898136,[u'1.01'],"[{u'labelSmall': u'6.85 x 6.80 x 4.27', u'label': u'6.85 x 6.80 x 4.27 mm'}]",False,[u'Excellent'],8247,"[u'$6,705']",[u'RD'],[u'Round'],[u'Call'],[u'Call'],[u'LD09898136'],[u'Excellent'],[u'57.0']
135,[u'1.16'],[u'VS1'],[u'G'],[u'None'],"[{u'labelSmall': u'Ideal', u'label': u'Ideal'}]",[u'Jan 31'],[u'Feb 1'],[u'60.4'],./diamond-details/LD02312001,[u'None'],[False],LD02312001,[u'1.00'],"[{u'labelSmall': u'6.80 x 6.77 x 4.10', u'label': u'6.80 x 6.77 x 4.10 mm'}]",False,[u'Excellent'],8250,"[u'$7,112']",[u'RD'],[u'Round'],[u'Call'],[u'Call'],[u'LD02312001'],[u'Excellent'],[u'62.0']
136,[u'1.21'],[u'VS2'],[u'D'],[u'None'],"[{u'labelSmall': u'Ideal', u'label': u'Ideal'}]",[u'Jan 29'],[u'Jan 30'],[u'62.1'],./diamond-details/LD07440360,[u'Strong'],[True],LD07440360,[u'1.00'],"[{u'labelSmall': u'6.76 x 6.79 x 4.20', u'label': u'6.76 x 6.79 x 4.20 mm'}]",False,[u'Excellent'],8250,"[u'$6,818']",[u'RD'],[u'Round'],[u'Call'],[u'Call'],[u'LD07440360'],[u'Excellent'],[u'59.0']
137,[u'1.50'],[u'SI2'],[u'F'],[u'None'],"[{u'labelSmall': u'Ideal', u'label': u'Ideal'}]",[u'Feb 5'],[u'Feb 6'],[u'62.6'],./diamond-details/LD09659940,[u'Faint'],[True],LD09659940,[u'1.01'],"[{u'labelSmall': u'7.23 x 7.29 x 4.55', u'label': u'7.23 x 7.29 x 4.55 mm'}]",False,[u'Excellent'],8250,"[u'$5,500']",[u'RD'],[u'Round'],[u'Call'],[u'Call'],[u'LD09659940'],[u'Excellent'],[u'57.0']
138,[u'1.17'],[u'SI1'],[u'D'],[u'None'],"[{u'labelSmall': u'Ideal', u'label': u'Ideal'}]",[u'Feb 5'],[u'Feb 6'],[u'62.2'],./diamond-details/LD09574825,[u'None'],[True],LD09574825,[u'1.00'],"[{u'labelSmall': u'6.72 x 6.71 x 4.18', u'label': u'6.72 x 6.71 x 4.18 mm'}]",False,[u'Excellent'],8252,"[u'$7,053']",[u'RD'],[u'Round'],[u'Call'],[u'Call'],[u'LD09574825'],[u'Excellent'],[u'57.0']
139,[u'1.01'],[u'VVS1'],[u'E'],[u'None'],"[{u'labelSmall': u'Ideal', u'label': u'Ideal'}]",[u'Jan 29'],[u'Jan 30'],[u'59.8'],./diamond-details/LD09970280,[u'Strong'],[True],LD09970280,[u'1.01'],"[{u'labelSmall': u'6.55 x 6.50 x 3.90', u'label': u'6.55 x 6.50 x 3.90 mm'}]",False,[u'Excellent'],8252,"[u'$8,170']",[u'RD'],[u'Round'],[u'Call'],[u'Call'],[u'LD09970280'],[u'Excellent'],[u'59.0']
140,[u'1.23'],[u'VS2'],[u'F'],[u'None'],"[{u'labelSmall': u'Ideal', u'label': u'Ideal'}]",[u'Feb 5'],[u'Feb 6'],[u'62.6'],./diamond-details/LD00002614,[u'Strong'],[True],LD00002614,[u'1.01'],"[{u'labelSmall': u'6.80 x 6.85 x 4.27', u'label': u'6.80 x 6.85 x 4.27 mm'}]",False,[u'Excellent'],8253,"[u'$6,710']",[u'RD'],[u'Round'],[u'Call'],[u'Call'],[u'LD00002614'],[u'Excellent'],[u'56.0']
141,[u'1.03'],[u'VS1'],[u'F'],[u'None'],"[{u'labelSmall': u'Ideal', u'label': u'Ideal'}]",[u'Jan 31'],[u'Feb 1'],[u'61.6'],./diamond-details/LD08809697,[u'Medium'],[True],LD08809697,[u'1.00'],"[{u'labelSmall': u'6.50 x 6.47 x 4.00', u'label': u'6.50 x 6.47 x 4.00 mm'}]",False,[u'Excellent'],8253,"[u'$8,013']",[u'RD'],[u'Round'],[u'Call'],[u'Call'],[u'LD08809697'],[u'Excellent'],[u'57.0']
142,[u'1.53'],[u'SI2'],[u'I'],[u'None'],"[{u'labelSmall': u'Ideal', u'label': u'Ideal'}]",[u'Feb 2'],[u'Feb 5'],[u'60.6'],./diamond-details/LD09823705,[u'None'],[True],LD09823705,[u'1.01'],"[{u'labelSmall': u'7.43 x 7.47 x 4.52', u'label': u'7.43 x 7.47 x 4.52 mm'}]",False,[u'Excellent'],8253,"[u'$5,394']",[u'RD'],[u'Round'],[u'Call'],[u'Call'],[u'LD09823705'],[u'Excellent'],[u'57.0']
143,[u'1.47'],[u'VS1'],[u'J'],[u'None'],"[{u'labelSmall': u'Ideal', u'label': u'Ideal'}]",[u'Feb 5'],[u'Feb 6'],[u'62.8'],./diamond-details/LD09972680,[u'None'],[False],LD09972680,[u'1.01'],"[{u'labelSmall': u'7.26 x 7.21 x 4.55', u'label': u'7.26 x 7.21 x 4.55 mm'}]",False,[u'Excellent'],8253,"[u'$5,614']",[u'RD'],[u'Round'],[u'Call'],[u'Call'],[u'LD09972680'],[u'Excellent'],[u'57.0']
144,[u'1.40'],[u'VS1'],[u'I'],[u'None'],"[{u'labelSmall': u'Very Good', u'label': u'Very Good'}]",[u'Jan 31'],[u'Feb 1'],[u'62.4'],./diamond-details/LD04452045,[u'Strong'],[True],LD04452045,[u'1.00'],"[{u'labelSmall': u'7.12 x 7.09 x 4.43', u'label': u'7.12 x 7.09 x 4.43 mm'}]",False,[u'Excellent'],8254,"[u'$5,896']",[u'RD'],[u'Round'],[u'Call'],[u'Call'],[u'LD04452045'],[u'Excellent'],[u'60.0']
145,[u'1.00'],[u'VVS1'],[u'D'],[u'None'],"[{u'labelSmall': u'Good', u'label': u'Good'}]",[u'Feb 5'],[u'Feb 6'],[u'66.9'],./diamond-details/LD09197225,[u'Faint'],[True],LD09197225,[u'1.01'],"[{u'labelSmall': u'6.04 x 6.12 x 4.06', u'label': u'6.04 x 6.12 x 4.06 mm'}]",False,[u'Excellent'],8254,"[u'$8,254']",[u'RD'],[u'Round'],[u'Call'],[u'Call'],[u'LD09197225'],[u'Very Good'],[u'55.0']
146,[u'1.04'],[u'VS2'],[u'F'],[u'None'],"[{u'labelSmall': u'Ideal', u'label': u'Ideal'}]",[u'Feb 5'],[u'Feb 6'],[u'61.0'],./diamond-details/LD09278533,[u'None'],[True],LD09278533,[u'1.00'],"[{u'labelSmall': u'6.55 x 6.53 x 3.99', u'label': u'6.55 x 6.53 x 3.99 mm'}]",False,[u'Excellent'],8254,"[u'$7,937']",[u'RD'],[u'Round'],[u'Call'],[u'Call'],[u'LD09278533'],[u'Excellent'],[u'59.0']
147,[u'1.01'],[u'VVS1'],[u'E'],[u'None'],"[{u'labelSmall': u'Very Good', u'label': u'Very Good'}]",[u'Feb 5'],[u'Feb 6'],[u'63.9'],./diamond-details/LD09943988,[u'None'],[False],LD09943988,[u'1.01'],"[{u'labelSmall': u'6.39 x 6.31 x 4.06', u'label': u'6.39 x 6.31 x 4.06 mm'}]",False,[u'Excellent'],8255,"[u'$8,173']",[u'RD'],[u'Round'],[u'Call'],[u'Call'],[u'LD09943988'],[u'Very Good'],[u'55.0']
148,[u'1.01'],[u'VS2'],[u'D'],[u'Very Small'],"[{u'labelSmall': u'Very Good', u'label': u'Very Good'}]",[u'Feb 5'],[u'Feb 6'],[u'62.9'],./diamond-details/LD09944250,[u'None'],[True],LD09944250,[u'1.01'],"[{u'labelSmall': u'6.36 x 6.29 x 3.98', u'label': u'6.36 x 6.29 x 3.98 mm'}]",False,[u'Excellent'],8255,"[u'$8,173']",[u'RD'],[u'Round'],[u'Call'],[u'Call'],[u'LD09944250'],[u'Very Good'],[u'56.0']
149,[u'1.08'],[u'VVS2'],[u'D'],[u'None'],"[{u'labelSmall': u'Ideal', u'label': u'Ideal'}]",[u'Jan 31'],[u'Feb 1'],[u'62.4'],./diamond-details/LD09309996,[u'Medium Blue'],[False],LD09309996,[u'1.00'],"[{u'labelSmall': u'6.55 x 6.53 x 4.08', u'label': u'6.55 x 6.53 x 4.08 mm'}]",False,[u'Excellent'],8256,"[u'$7,644']",[u'RD'],[u'Round'],[u'Call'],[u'Call'],[u'LD09309996'],[u'Excellent'],[u'58.0']
150,[u'1.23'],[u'VS2'],[u'G'],[u'None'],"[{u'labelSmall': u'Ideal', u'label': u'Ideal'}]",[u'Feb 5'],[u'Feb 6'],[u'62.9'],./diamond-details/LD09507501,[u'None'],[True],LD09507501,[u'1.00'],"[{u'labelSmall': u'6.79 x 6.82 x 4.28', u'label': u'6.79 x 6.82 x 4.28 mm'}]",False,[u'Excellent'],8256,"[u'$6,712']",[u'RD'],[u'Round'],[u'Call'],[u'Call'],[u'LD09507501'],[u'Excellent'],[u'55.0']
151,[u'1.31'],[u'VS2'],[u'G'],[u'None'],"[{u'labelSmall': u'Ideal', u'label': u'Ideal'}]",[u'Feb 5'],[u'Feb 6'],[u'62.7'],./diamond-details/LD09788420,[u'Strong Blue'],[True],LD09788420,[u'1.01'],"[{u'labelSmall': u'7.00 x 6.96 x 4.37', u'label': u'7.00 x 6.96 x 4.37 mm'}]",False,[u'Excellent'],8256,"[u'$6,302']",[u'RD'],[u'Round'],[u'Call'],[u'Call'],[u'LD09788420'],[u'Excellent'],[u'56.0']
152,[u'1.50'],[u'SI1'],[u'J'],[u'None'],"[{u'labelSmall': u'Ideal', u'label': u'Ideal'}]",[u'Feb 5'],[u'Feb 6'],[u'62.5'],./diamond-details/LD00009727,[u'None'],[False],LD00009727,[u'1.01'],"[{u'labelSmall': u'7.26 x 7.30 x 4.55', u'label': u'7.26 x 7.30 x 4.55 mm'}]",False,[u'Excellent'],8257,"[u'$5,505']",[u'RD'],[u'Round'],[u'Call'],[u'Call'],[u'LD00009727'],[u'Excellent'],[u'58.0']
153,[u'1.24'],[u'SI2'],[u'E'],[u'None'],"[{u'labelSmall': u'Ideal', u'label': u'Ideal'}]",[u'Jan 31'],[u'Feb 1'],[u'63.0'],./diamond-details/LD08142060,[u'None'],[False],LD08142060,[u'1.01'],"[{u'labelSmall': u'6.83 x 6.87 x 4.32', u'label': u'6.83 x 6.87 x 4.32 mm'}]",False,[u'Excellent'],8257,"[u'$6,659']",[u'RD'],[u'Round'],[u'Call'],[u'Call'],[u'LD08142060'],[u'Excellent'],[u'56.0']
154,[u'1.00'],[u'VS1'],[u'F'],[u'None'],"[{u'labelSmall': u'Ideal', u'label': u'Ideal'}]",[u'Feb 5'],[u'Feb 6'],[u'61.5'],./diamond-details/LD09598320,[u'None'],[False],LD09598320,[u'1.01'],"[{u'labelSmall': u'6.42 x 6.38 x 3.94', u'label': u'6.42 x 6.38 x 3.94 mm'}]",False,[u'Excellent'],8258,"[u'$8,258']",[u'RD'],[u'Round'],[u'Call'],[u'Call'],[u'LD09598320'],[u'Excellent'],[u'62.0']
155,[u'1.21'],[u'VS2'],[u'E'],[u'None'],"[{u'labelSmall': u'Ideal', u'label': u'Ideal'}]",[u'Feb 5'],[u'Feb 6'],[u'62.0'],./diamond-details/LD09895767,[u'Medium'],[False],LD09895767,[u'1.01'],"[{u'labelSmall': u'6.80 x 6.84 x 4.23', u'label': u'6.80 x 6.84 x 4.23 mm'}]",False,[u'Excellent'],8258,"[u'$6,825']",[u'RD'],[u'Round'],[u'Call'],[u'Call'],[u'LD09895767'],[u'Excellent'],[u'57.0']
156,[u'1.40'],[u'SI1'],[u'I'],[u'None'],"[{u'labelSmall': u'Ideal', u'label': u'Ideal'}]",[u'Feb 5'],[u'Feb 6'],[u'59.5'],./diamond-details/LD09997502,[u'None'],[False],LD09997502,[u'1.01'],"[{u'labelSmall': u'7.24 x 7.28 x 4.32', u'label': u'7.24 x 7.28 x 4.32 mm'}]",False,[u'Excellent'],8258,"[u'$5,899']",[u'RD'],[u'Round'],[u'Call'],[u'Call'],[u'LD09997502'],[u'Excellent'],[u'61.0']
157,[u'1.09'],[u'VVS2'],[u'G'],[u'None'],"[{u'labelSmall': u'Ideal', u'label': u'Ideal'}]",[u'Feb 5'],[u'Feb 6'],[u'62.3'],./diamond-details/LD09764378,[u'Faint'],[True],LD09764378,[u'1.00'],"[{u'labelSmall': u'6.58 x 6.56 x 4.09', u'label': u'6.58 x 6.56 x 4.09 mm'}]",False,[u'Excellent'],8259,"[u'$7,577']",[u'RD'],[u'Round'],[u'Call'],[u'Call'],[u'LD09764378'],[u'Excellent'],[u'59.0']
158,[u'1.51'],[u'SI2'],[u'H'],[u'None'],"[{u'labelSmall': u'Very Good', u'label': u'Very Good'}]",[u'Feb 5'],[u'Feb 6'],[u'62.9'],./diamond-details/LD00018340,[u'None'],[True],LD00018340,[u'1.01'],"[{u'labelSmall': u'7.24 x 7.19 x 4.54', u'label': u'7.24 x 7.19 x 4.54 mm'}]",False,[u'Excellent'],8260,"[u'$5,470']",[u'RD'],[u'Round'],[u'Call'],[u'Call'],[u'LD00018340'],[u'Very Good'],[u'60.0']
159,[u'1.00'],[u'VVS1'],[u'E'],[u'None'],"[{u'labelSmall': u'Very Good', u'label': u'Very Good'}]",[u'Feb 2'],[u'Feb 5'],[u'64.9'],./diamond-details/LD07882496,[u'None'],[True],LD07882496,[u'1.00'],"[{u'labelSmall': u'6.26 x 6.23 x 4.06', u'label': u'6.26 x 6.23 x 4.06 mm'}]",False,[u'Very Good'],8260,"[u'$8,260']",[u'RD'],[u'Round'],[u'Call'],[u'Call'],[u'LD07882496'],[u'Very Good'],[u'56.0']
160,[u'1.06'],[u'VS2'],[u'D'],[u'None'],"[{u'labelSmall': u'Very Good', u'label': u'Very Good'}]",[u'Jan 31'],[u'Feb 1'],[u'58.5'],./diamond-details/LD09922626,[u'None'],[False],LD09922626,[u'1.01'],"[{u'labelSmall': u'6.69 x 6.65 x 3.91', u'label': u'6.69 x 6.65 x 3.91 mm'}]",False,[u'Good'],8260,"[u'$7,792']",[u'RD'],[u'Round'],[u'Call'],[u'Call'],[u'LD09922626'],[u'Very Good'],[u'62.0']
161,[u'1.03'],[u'VS1'],[u'G'],[u'None'],"[{u'labelSmall': u'Ideal', u'label': u'Ideal'}]",[u'Feb 5'],[u'Feb 6'],[u'61.2'],./diamond-details/LD09963195,[u'None'],[True],LD09963195,[u'1.00'],"[{u'labelSmall': u'6.46 x 6.48 x 3.96', u'label': u'6.46 x 6.48 x 3.96 mm'}]",False,[u'Excellent'],8260,"[u'$8,019']",[u'RD'],[u'Round'],[u'Call'],[u'Call'],[u'LD09963195'],[u'Excellent'],[u'58.0']
162,[u'1.50'],[u'SI1'],[u'I'],[u'None'],"[{u'labelSmall': u'Very Good', u'label': u'Very Good'}]",[u'Jan 31'],[u'Feb 1'],[u'64.5'],./diamond-details/LD08488252,[u'None'],[False],LD08488252,[u'1.01'],"[{u'labelSmall': u'7.14 x 7.19 x 4.62', u'label': u'7.14 x 7.19 x 4.62 mm'}]",False,[u'Excellent'],8261,"[u'$5,507']",[u'RD'],[u'Round'],[u'Call'],[u'Call'],[u'LD08488252'],[u'Excellent'],[u'56.0']
163,[u'1.02'],[u'VVS2'],[u'D'],[u'None'],"[{u'labelSmall': u'Ideal', u'label': u'Ideal'}]",[u'Feb 5'],[u'Feb 6'],[u'60.5'],./diamond-details/LD09205866,[u'Medium'],[False],LD09205866,[u'1.00'],"[{u'labelSmall': u'6.49 x 6.52 x 3.94', u'label': u'6.49 x 6.52 x 3.94 mm'}]",False,[u'Excellent'],8261,"[u'$8,099']",[u'RD'],[u'Round'],[u'Call'],[u'Call'],[u'LD09205866'],[u'Excellent'],[u'60.0']
164,[u'1.00'],[u'VVS2'],[u'D'],[u'None'],"[{u'labelSmall': u'Ideal', u'label': u'Ideal'}]",[u'Feb 5'],[u'Feb 6'],[u'61.7'],./diamond-details/LD09659499,[u'Medium'],[True],LD09659499,[u'1.01'],"[{u'labelSmall': u'6.37 x 6.42 x 3.94', u'label': u'6.37 x 6.42 x 3.94 mm'}]",False,[u'Excellent'],8261,"[u'$8,261']",[u'RD'],[u'Round'],[u'Call'],[u'Call'],[u'LD09659499'],[u'Excellent'],[u'57.0']
165,[u'1.00'],[u'VVS2'],[u'D'],[u'None'],"[{u'labelSmall': u'Ideal', u'label': u'Ideal'}]",[u'Feb 5'],[u'Feb 6'],[u'60.0'],./diamond-details/LD09804087,[u'Medium'],[True],LD09804087,[u'1.00'],"[{u'labelSmall': u'6.45 x 6.48 x 3.88', u'label': u'6.45 x 6.48 x 3.88 mm'}]",False,[u'Excellent'],8261,"[u'$8,261']",[u'RD'],[u'Round'],[u'Call'],[u'Call'],[u'LD09804087'],[u'Excellent'],[u'62.0']
166,[u'1.05'],[u'VS1'],[u'G'],[u'None'],"[{u'labelSmall': u'Ideal', u'label': u'Ideal'}]",[u'Feb 5'],[u'Feb 6'],[u'62.4'],./diamond-details/LD09979615,[u'None'],[False],LD09979615,[u'1.00'],"[{u'labelSmall': u'6.48 x 6.50 x 4.05', u'label': u'6.48 x 6.50 x 4.05 mm'}]",False,[u'Excellent'],8261,"[u'$7,868']",[u'RD'],[u'Round'],[u'Call'],[u'Call'],[u'LD09979615'],[u'Excellent'],[u'57.0']
167,[u'1.00'],[u'SI1'],[u'G'],[u'None'],"[{u'labelSmall': u'Good', u'label': u'Good'}]",[u'Feb 5'],[u'Feb 6'],[u'66.7'],./diamond-details/LD00001023,[u'Strong'],[True],LD00001023,[u'1.02'],"[{u'labelSmall': u'6.17 x 6.07 x 4.08', u'label': u'6.17 x 6.07 x 4.08 mm'}]",False,[u'Very Good'],8262,"[u'$8,262']",[u'RD'],[u'Round'],[u'Call'],[u'Call'],[u'LD00001023'],[u'Very Good'],[u'57.0']
168,[u'1.01'],[u'VS1'],[u'D'],[u'None'],"[{u'labelSmall': u'Ideal', u'label': u'Ideal'}]",[u'Jan 31'],[u'Feb 1'],[u'62.6'],./diamond-details/LD09385481,[u'Faint'],[True],LD09385481,[u'1.01'],"[{u'labelSmall': u'6.39 x 6.35 x 3.99', u'label': u'6.39 x 6.35 x 3.99 mm'}]",False,[u'Excellent'],8262,"[u'$8,180']",[u'RD'],[u'Round'],[u'Call'],[u'Call'],[u'LD09385481'],[u'Excellent'],[u'58.0']
169,[u'1.01'],[u'VS1'],[u'D'],[u'None'],"[{u'labelSmall': u'Ideal', u'label': u'Ideal'}]",[u'Jan 31'],[u'Feb 1'],[u'61.5'],./diamond-details/LD09385484,[u'Faint'],[True],LD09385484,[u'1.00'],"[{u'labelSmall': u'6.45 x 6.43 x 3.96', u'label': u'6.45 x 6.43 x 3.96 mm'}]",False,[u'Excellent'],8262,"[u'$8,180']",[u'RD'],[u'Round'],[u'Call'],[u'Call'],[u'LD09385484'],[u'Excellent'],[u'58.0']
170,[u'1.26'],[u'SI1'],[u'H'],[u'None'],"[{u'labelSmall': u'Ideal', u'label': u'Ideal'}]",[u'Jan 31'],[u'Feb 1'],[u'62.2'],./diamond-details/LD07594863,[u'None'],[False],LD07594863,[u'1.01'],"[{u'labelSmall': u'6.89 x 6.94 x 4.30', u'label': u'6.89 x 6.94 x 4.30 mm'}]",False,[u'Excellent'],8263,"[u'$6,558']",[u'RD'],[u'Round'],[u'Call'],[u'Call'],[u'LD07594863'],[u'Excellent'],[u'59.0']
171,[u'1.01'],[u'VVS2'],[u'E'],[u'None'],"[{u'labelSmall': u'Ideal', u'label': u'Ideal'}]",[u'Feb 5'],[u'Feb 6'],[u'60.8'],./diamond-details/LD09747298,[u'Faint'],[True],LD09747298,[u'1.00'],"[{u'labelSmall': u'6.44 x 6.45 x 3.92', u'label': u'6.44 x 6.45 x 3.92 mm'}]",False,[u'Excellent'],8263,"[u'$8,181']",[u'RD'],[u'Round'],[u'Call'],[u'Call'],[u'LD09747298'],[u'Excellent'],[u'62.0']
172,[u'1.04'],[u'IF'],[u'G'],[u'None'],"[{u'labelSmall': u'Ideal', u'label': u'Ideal'}]",[u'Feb 5'],[u'Feb 6'],[u'62.6'],./diamond-details/LD09977186,[u'Faint'],[False],LD09977186,[u'1.00'],"[{u'labelSmall': u'6.42 x 6.45 x 4.03', u'label': u'6.42 x 6.45 x 4.03 mm'}]",False,[u'Excellent'],8263,"[u'$7,945']",[u'RD'],[u'Round'],[u'Call'],[u'Call'],[u'LD09977186'],[u'Excellent'],[u'58.0']
173,[u'1.01'],[u'VS1'],[u'F'],[u'None'],"[{u'labelSmall': u'Ideal', u'label': u'Ideal'}]",[u'Feb 5'],[u'Feb 6'],[u'63.7'],./diamond-details/LD09957831,[u'None'],[True],LD09957831,[u'1.01'],"[{u'labelSmall': u'6.32 x 6.37 x 4.04', u'label': u'6.32 x 6.37 x 4.04 mm'}]",False,[u'Excellent'],8265,"[u'$8,183']",[u'RD'],[u'Round'],[u'Call'],[u'Call'],[u'LD09957831'],[u'Excellent'],[u'56.0']
174,[u'1.51'],[u'VVS1'],[u'J'],[u'None'],"[{u'labelSmall': u'Ideal', u'label': u'Ideal'}]",[u'Feb 5'],[u'Feb 6'],[u'62.5'],./diamond-details/LD09142928,[u'Medium'],[False],LD09142928,[u'1.00'],"[{u'labelSmall': u'7.30 x 7.33 x 4.57', u'label': u'7.30 x 7.33 x 4.57 mm'}]",False,[u'Excellent'],8266,"[u'$5,474']",[u'RD'],[u'Round'],[u'Call'],[u'Call'],[u'LD09142928'],[u'Excellent'],[u'57.0']
175,[u'1.21'],[u'VS1'],[u'H'],[u'None'],"[{u'labelSmall': u'Ideal', u'label': u'Ideal'}]",[u'Feb 5'],[u'Feb 6'],[u'62.6'],./diamond-details/LD09910549,[u'None'],[True],LD09910549,[u'1.00'],"[{u'labelSmall': u'6.78 x 6.81 x 4.25', u'label': u'6.78 x 6.81 x 4.25 mm'}]",False,[u'Excellent'],8266,"[u'$6,831']",[u'RD'],[u'Round'],[u'Call'],[u'Call'],[u'LD09910549'],[u'Excellent'],[u'58.0']
176,[u'1.59'],[u'VS2'],[u'J'],[u'None'],"[{u'labelSmall': u'Ideal', u'label': u'Ideal'}]",[u'Feb 5'],[u'Feb 6'],[u'62.4'],./diamond-details/LD09912250,[u'Faint'],[True],LD09912250,[u'1.01'],"[{u'labelSmall': u'7.42 x 7.47 x 4.65', u'label': u'7.42 x 7.47 x 4.65 mm'}]",False,[u'Excellent'],8266,"[u'$5,199']",[u'RD'],[u'Round'],[u'Call'],[u'Call'],[u'LD09912250'],[u'Excellent'],[u'59.0']
177,[u'1.01'],[u'VS2'],[u'E'],[u'None'],"[{u'labelSmall': u'Ideal', u'label': u'Ideal'}]",[u'Feb 5'],[u'Feb 6'],[u'62.2'],./diamond-details/LD09936555,[u'None'],[False],LD09936555,[u'1.00'],"[{u'labelSmall': u'6.39 x 6.42 x 3.99', u'label': u'6.39 x 6.42 x 3.99 mm'}]",False,[u'Excellent'],8266,"[u'$8,184']",[u'RD'],[u'Round'],[u'Call'],[u'Call'],[u'LD09936555'],[u'Excellent'],[u'56.0']
178,[u'1.01'],[u'VS2'],[u'H'],[u'None'],"[{u'labelSmall': u'Ideal', u'label': u'Ideal'}]",[u'Feb 2'],[u'Feb 5'],[u'61.7'],./diamond-details/LD00012164,[u'None'],[True],LD00012164,[u'1.00'],"[{u'labelSmall': u'6.49 x 6.52 x 4.01', u'label': u'6.49 x 6.52 x 4.01 mm'}]",False,[u'Excellent'],8267,"[u'$8,185']",[u'RD'],[u'Round'],[u'Call'],[u'Call'],[u'LD00012164'],[u'Excellent'],[u'55.0']
179,[u'1.01'],[u'VS2'],[u'H'],[u'None'],"[{u'labelSmall': u'Ideal', u'label': u'Ideal'}]",[u'Feb 2'],[u'Feb 5'],[u'62.5'],./diamond-details/LD00012165,[u'None'],[True],LD00012165,[u'1.00'],"[{u'labelSmall': u'6.38 x 6.41 x 4.00', u'label': u'6.38 x 6.41 x 4.00 mm'}]",False,[u'Excellent'],8267,"[u'$8,185']",[u'RD'],[u'Round'],[u'Call'],[u'Call'],[u'LD00012165'],[u'Excellent'],[u'57.0']
180,[u'1.01'],[u'VS2'],[u'H'],[u'None'],"[{u'labelSmall': u'Ideal', u'label': u'Ideal'}]",[u'Feb 2'],[u'Feb 5'],[u'61.1'],./diamond-details/LD00012283,[u'None'],[True],LD00012283,[u'1.00'],"[{u'labelSmall': u'6.43 x 6.46 x 3.93', u'label': u'6.43 x 6.46 x 3.93 mm'}]",False,[u'Excellent'],8267,"[u'$8,185']",[u'RD'],[u'Round'],[u'Call'],[u'Call'],[u'LD00012283'],[u'Excellent'],[u'61.0']
181,[u'1.38'],[u'VS2'],[u'G'],[u'None'],"[{u'labelSmall': u'Very Good', u'label': u'Very Good'}]",[u'Feb 5'],[u'Feb 6'],[u'64.7'],./diamond-details/LD09986196,[u'Medium'],[True],LD09986196,[u'1.01'],"[{u'labelSmall': u'6.99 x 6.90 x 4.49', u'label': u'6.99 x 6.90 x 4.49 mm'}]",False,[u'Very Good'],8267,"[u'$5,991']",[u'RD'],[u'Round'],[u'Call'],[u'Call'],[u'LD09986196'],[u'Very Good'],[u'56.0']
182,[u'1.40'],[u'VVS1'],[u'I'],[u'None'],"[{u'labelSmall': u'Very Good', u'label': u'Very Good'}]",[u'Feb 5'],[u'Feb 6'],[u'64.1'],./diamond-details/LD02882210,[u'None'],[False],LD02882210,[u'1.00'],"[{u'labelSmall': u'7.01 x 7.03 x 4.50', u'label': u'7.01 x 7.03 x 4.50 mm'}]",False,[u'Excellent'],8268,"[u'$5,906']",[u'RD'],[u'Round'],[u'Call'],[u'Call'],[u'LD02882210'],[u'Excellent'],[u'58.0']
183,[u'1.50'],[u'SI2'],[u'E'],[u'None'],"[{u'labelSmall': u'Ideal', u'label': u'Ideal'}]",[u'Jan 29'],[u'Jan 30'],[u'59.8'],./diamond-details/LD07327526,[u'Strong'],[True],LD07327526,[u'1.01'],"[{u'labelSmall': u'7.38 x 7.42 x 4.43', u'label': u'7.38 x 7.42 x 4.43 mm'}]",False,[u'Excellent'],8268,"[u'$5,512']",[u'RD'],[u'Round'],[u'Call'],[u'Call'],[u'LD07327526'],[u'Excellent'],[u'61.0']
184,[u'1.22'],[u'VS2'],[u'G'],[u'None'],"[{u'labelSmall': u'Ideal', u'label': u'Ideal'}]",[u'Feb 5'],[u'Feb 6'],[u'59.4'],./diamond-details/LD09986169,[u'None'],[True],LD09986169,[u'1.01'],"[{u'labelSmall': u'6.96 x 6.92 x 4.12', u'label': u'6.96 x 6.92 x 4.12 mm'}]",False,[u'Excellent'],8268,"[u'$6,777']",[u'RD'],[u'Round'],[u'Call'],[u'Call'],[u'LD09986169'],[u'Excellent'],[u'62.0']
185,[u'1.20'],[u'SI1'],[u'F'],[u'None'],"[{u'labelSmall': u'Ideal', u'label': u'Ideal'}]",[u'Feb 5'],[u'Feb 6'],[u'60.6'],./diamond-details/LD09528232,[u'None'],[True],LD09528232,[u'1.00'],"[{u'labelSmall': u'6.86 x 6.83 x 4.15', u'label': u'6.86 x 6.83 x 4.15 mm'}]",False,[u'Excellent'],8269,"[u'$6,891']",[u'RD'],[u'Round'],[u'Call'],[u'Call'],[u'LD09528232'],[u'Excellent'],[u'62.0']
186,[u'1.31'],[u'VVS1'],[u'I'],[u'None'],"[{u'labelSmall': u'Ideal', u'label': u'Ideal'}]",[u'Feb 5'],[u'Feb 6'],[u'62.5'],./diamond-details/LD09747160,[u'None'],[True],LD09747160,[u'1.01'],"[{u'labelSmall': u'6.95 x 6.99 x 4.35', u'label': u'6.95 x 6.99 x 4.35 mm'}]",False,[u'Excellent'],8270,"[u'$6,313']",[u'RD'],[u'Round'],[u'Call'],[u'Call'],[u'LD09747160'],[u'Excellent'],[u'59.0']
187,[u'1.09'],[u'VS2'],[u'F'],[u'None'],"[{u'labelSmall': u'Ideal', u'label': u'Ideal'}]",[u'Feb 5'],[u'Feb 6'],[u'61.9'],./diamond-details/LD09993085,[u'None'],[False],LD09993085,[u'1.00'],"[{u'labelSmall': u'6.59 x 6.61 x 4.09', u'label': u'6.59 x 6.61 x 4.09 mm'}]",False,[u'Excellent'],8270,"[u'$7,587']",[u'RD'],[u'Round'],[u'Call'],[u'Call'],[u'LD09993085'],[u'Excellent'],[u'56.0']
188,[u'1.00'],[u'VS2'],[u'E'],[u'None'],"[{u'labelSmall': u'Ideal', u'label': u'Ideal'}]",[u'Feb 5'],[u'Feb 6'],[u'61.9'],./diamond-details/LD08100015,[u'None'],[False],LD08100015,[u'1.01'],"[{u'labelSmall': u'6.38 x 6.42 x 3.96', u'label': u'6.38 x 6.42 x 3.96 mm'}]",False,[u'Excellent'],8271,"[u'$8,271']",[u'RD'],[u'Round'],[u'Call'],[u'Call'],[u'LD08100015'],[u'Excellent'],[u'57.0']
189,[u'1.01'],[u'VVS2'],[u'D'],[u'None'],"[{u'labelSmall': u'Good', u'label': u'Good'}]",[u'Feb 5'],[u'Feb 6'],[u'66.3'],./diamond-details/LD09825714,[u'None'],[True],LD09825714,[u'1.01'],"[{u'labelSmall': u'6.19 x 6.14 x 4.09', u'label': u'6.19 x 6.14 x 4.09 mm'}]",False,[u'Excellent'],8272,"[u'$8,190']",[u'RD'],[u'Round'],[u'Call'],[u'Call'],[u'LD09825714'],[u'Very Good'],[u'59.0']
190,[u'1.20'],[u'VS1'],[u'I'],[u'None'],"[{u'labelSmall': u'Ideal', u'label': u'Ideal'}]",[u'Jan 31'],[u'Feb 1'],[u'60.9'],./diamond-details/LD02470287,[u'None'],[False],LD02470287,[u'1.00'],"[{u'labelSmall': u'6.85 x 6.87 x 4.18', u'label': u'6.85 x 6.87 x 4.18 mm'}]",False,[u'Excellent'],8273,"[u'$6,894']",[u'RD'],[u'Round'],[u'Call'],[u'Call'],[u'LD02470287'],[u'Excellent'],[u'59.0']
191,[u'1.01'],[u'VS1'],[u'F'],[u'None'],"[{u'labelSmall': u'Ideal', u'label': u'Ideal'}]",[u'Jan 31'],[u'Feb 1'],[u'60.7'],./diamond-details/LD05647121,[u'None'],[False],LD05647121,[u'1.01'],"[{u'labelSmall': u'6.50 x 6.46 x 3.93', u'label': u'6.50 x 6.46 x 3.93 mm'}]",False,[u'Excellent'],8273,"[u'$8,191']",[u'RD'],[u'Round'],[u'Call'],[u'Call'],[u'LD05647121'],[u'Very Good'],[u'59.0']
192,[u'1.03'],[u'VS1'],[u'E'],[u'None'],"[{u'labelSmall': u'Ideal', u'label': u'Ideal'}]",[u'Feb 5'],[u'Feb 6'],[u'62.8'],./diamond-details/LD09336683,[u'Faint'],[True],LD09336683,[u'1.00'],"[{u'labelSmall': u'6.43 x 6.46 x 4.05', u'label': u'6.43 x 6.46 x 4.05 mm'}]",False,[u'Excellent'],8273,"[u'$8,032']",[u'RD'],[u'Round'],[u'Call'],[u'Call'],[u'LD09336683'],[u'Excellent'],[u'57.0']
193,[u'1.40'],[u'SI1'],[u'I'],[u'None'],"[{u'labelSmall': u'Ideal', u'label': u'Ideal'}]",[u'Feb 5'],[u'Feb 6'],[u'61.9'],./diamond-details/LD09953512,[u'None'],[False],LD09953512,[u'1.01'],"[{u'labelSmall': u'7.14 x 7.19 x 4.44', u'label': u'7.14 x 7.19 x 4.44 mm'}]",False,[u'Excellent'],8273,"[u'$5,909']",[u'RD'],[u'Round'],[u'Call'],[u'Call'],[u'LD09953512'],[u'Excellent'],[u'60.0']
194,[u'1.02'],[u'VVS2'],[u'E'],[u'Very Small'],"[{u'labelSmall': u'Very Good', u'label': u'Very Good'}]",[u'Jan 31'],[u'Feb 1'],[u'58.7'],./diamond-details/LD07405499,[u'None'],[True],LD07405499,[u'1.02'],"[{u'labelSmall': u'6.65 x 6.54 x 3.87', u'label': u'6.65 x 6.54 x 3.87 mm'}]",False,[u'Very Good'],8274,"[u'$8,112']",[u'RD'],[u'Round'],[u'Call'],[u'Call'],[u'LD07405499'],[u'Very Good'],[u'61.0']
195,[u'0.96'],[u'VVS1'],[u'D'],[u'None'],"[{u'labelSmall': u'Ideal', u'label': u'Ideal'}]",[u'Feb 5'],[u'Feb 6'],[u'59.6'],./diamond-details/LD09799116,[u'Faint'],[False],LD09799116,[u'1.01'],"[{u'labelSmall': u'6.46 x 6.41 x 3.84', u'label': u'6.46 x 6.41 x 3.84 mm'}]",False,[u'Excellent'],8274,"[u'$8,619']",[u'RD'],[u'Round'],[u'Call'],[u'Call'],[u'LD09799116'],[u'Excellent'],[u'60.0']
196,[u'1.31'],[u'SI1'],[u'G'],[u'None'],"[{u'labelSmall': u'Ideal', u'label': u'Ideal'}]",[u'Feb 5'],[u'Feb 6'],[u'61.3'],./diamond-details/LD09952799,[u'None'],[True],LD09952799,[u'1.01'],"[{u'labelSmall': u'6.99 x 7.04 x 4.30', u'label': u'6.99 x 7.04 x 4.30 mm'}]",False,[u'Excellent'],8274,"[u'$6,316']",[u'RD'],[u'Round'],[u'Call'],[u'Call'],[u'LD09952799'],[u'Excellent'],[u'58.0']
197,[u'1.30'],[u'SI1'],[u'G'],[u'None'],"[{u'labelSmall': u'Ideal', u'label': u'Ideal'}]",[u'Feb 5'],[u'Feb 6'],[u'61.3'],./diamond-details/LD00008297,[u'None'],[True],LD00008297,[u'1.00'],"[{u'labelSmall': u'7.01 x 7.03 x 4.30', u'label': u'7.01 x 7.03 x 4.30 mm'}]",False,[u'Excellent'],8275,"[u'$6,365']",[u'RD'],[u'Round'],[u'Call'],[u'Call'],[u'LD00008297'],[u'Excellent'],[u'59.0']
198,[u'1.20'],[u'VS2'],[u'G'],[u'None'],"[{u'labelSmall': u'Very Good', u'label': u'Very Good'}]",[u'Jan 31'],[u'Feb 1'],[u'60.7'],./diamond-details/LD09800465,[u'None'],[False],LD09800465,[u'1.00'],"[{u'labelSmall': u'6.88 x 6.89 x 4.18', u'label': u'6.88 x 6.89 x 4.18 mm'}]",False,[u'Very Good'],8275,"[u'$6,896']",[u'RD'],[u'Round'],[u'Call'],[u'Call'],[u'LD09800465'],[u'Very Good'],[u'62.0']
199,[u'1.41'],[u'VS1'],[u'I'],[u'None'],"[{u'labelSmall': u'Good', u'label': u'Good'}]",[u'Jan 31'],[u'Feb 1'],[u'57.7'],./diamond-details/LD02552506,[u'Faint'],[False],LD02552506,[u'1.01'],"[{u'labelSmall': u'7.38 x 7.44 x 4.27', u'label': u'7.38 x 7.44 x 4.27 mm'}]",False,[u'Good'],8276,"[u'$5,870']",[u'RD'],[u'Round'],[u'Call'],[u'Call'],[u'LD02552506'],[u'Good'],[u'62.0']
200,[u'1.34'],[u'VS2'],[u'I'],[u'None'],"[{u'labelSmall': u'Ideal', u'label': u'Ideal'}]",[u'Feb 5'],[u'Feb 6'],[u'60.4'],./diamond-details/LD09911379,[u'None'],[True],LD09911379,[u'1.00'],"[{u'labelSmall': u'7.13 x 7.16 x 4.32', u'label': u'7.13 x 7.16 x 4.32 mm'}]",False,[u'Excellent'],8276,"[u'$6,176']",[u'RD'],[u'Round'],[u'Call'],[u'Call'],[u'LD09911379'],[u'Excellent'],[u'59.0']
201,[u'0.91'],[u'IF'],[u'E'],[u'None'],"[{u'labelSmall': u'Ideal', u'label': u'Ideal'}]",[u'Feb 2'],[u'Feb 5'],[u'61.6'],./diamond-details/LD09529198,[u'None'],[True],LD09529198,[u'1.01'],"[{u'labelSmall': u'6.19 x 6.14 x 3.80', u'label': u'6.19 x 6.14 x 3.80 mm'}]",False,[u'Excellent'],8277,"[u'$9,096']",[u'RD'],[u'Round'],[u'Call'],[u'Call'],[u'LD09529198'],[u'Excellent'],[u'60.0']
202,[u'1.20'],[u'VS1'],[u'H'],[u'None'],"[{u'labelSmall': u'Ideal', u'label': u'Ideal'}]",[u'Feb 5'],[u'Feb 6'],[u'62.3'],./diamond-details/LD09947260,[u'None'],[False],LD09947260,[u'1.00'],"[{u'labelSmall': u'6.78 x 6.81 x 4.23', u'label': u'6.78 x 6.81 x 4.23 mm'}]",False,[u'Excellent'],8277,"[u'$6,898']",[u'RD'],[u'Round'],[u'Call'],[u'Call'],[u'LD09947260'],[u'Excellent'],[u'57.0']
203,[u'1.01'],[u'VS2'],[u'E'],[u'None'],"[{u'labelSmall': u'Ideal', u'label': u'Ideal'}]",[u'Feb 5'],[u'Feb 6'],[u'62.7'],./diamond-details/LD09987204,[u'None'],[False],LD09987204,[u'1.00'],"[{u'labelSmall': u'6.36 x 6.38 x 3.99', u'label': u'6.36 x 6.38 x 3.99 mm'}]",False,[u'Excellent'],8277,"[u'$8,195']",[u'RD'],[u'Round'],[u'Call'],[u'Call'],[u'LD09987204'],[u'Excellent'],[u'57.0']
204,[u'1.01'],[u'VS2'],[u'F'],[u'None'],"[{u'labelSmall': u'Ideal', u'label': u'Ideal'}]",[u'Feb 5'],[u'Feb 6'],[u'60.7'],./diamond-details/LD09984746,[u'None'],[False],LD09984746,[u'1.00'],"[{u'labelSmall': u'6.53 x 6.55 x 3.97', u'label': u'6.53 x 6.55 x 3.97 mm'}]",False,[u'Excellent'],8278,"[u'$8,196']",[u'RD'],[u'Round'],[u'Call'],[u'Call'],[u'LD09984746'],[u'Excellent'],[u'58.0']
205,[u'1.20'],[u'VS2'],[u'G'],[u'None'],"[{u'labelSmall': u'Ideal', u'label': u'Ideal'}]",[u'Feb 5'],[u'Feb 6'],[u'61.9'],./diamond-details/LD00015353,[u'None'],[True],LD00015353,[u'1.00'],"[{u'labelSmall': u'6.75 x 6.77 x 4.19', u'label': u'6.75 x 6.77 x 4.19 mm'}]",False,[u'Excellent'],8279,"[u'$6,899']",[u'RD'],[u'Round'],[u'Call'],[u'Call'],[u'LD00015353'],[u'Excellent'],[u'59.0']
206,[u'1.00'],[u'VVS2'],[u'E'],[u'Medium'],"[{u'labelSmall': u'Good', u'label': u'Good'}]",[u'Jan 31'],[u'Feb 1'],[u'58.6'],./diamond-details/LD02262160,[u'None'],[False],LD02262160,[u'1.02'],"[{u'labelSmall': u'6.43 x 6.55 x 3.80', u'label': u'6.43 x 6.55 x 3.80 mm'}]",False,[u'Very Good'],8279,"[u'$8,279']",[u'RD'],[u'Round'],[u'Call'],[u'Call'],[u'LD02262160'],[u'Good'],[u'65.0']
207,[u'1.02'],[u'VVS2'],[u'D'],[u'None'],"[{u'labelSmall': u'Very Good', u'label': u'Very Good'}]",[u'Feb 5'],[u'Feb 6'],[u'64.1'],./diamond-details/LD08971615,[u'None'],[True],LD08971615,[u'1.00'],"[{u'labelSmall': u'6.24 x 6.27 x 4.01', u'label': u'6.24 x 6.27 x 4.01 mm'}]",False,[u'Excellent'],8279,"[u'$8,117']",[u'RD'],[u'Round'],[u'Call'],[u'Call'],[u'LD08971615'],[u'Excellent'],[u'58.0']
208,[u'1.01'],[u'VS1'],[u'F'],[u'None'],"[{u'labelSmall': u'Ideal', u'label': u'Ideal'}]",[u'Feb 5'],[u'Feb 6'],[u'61.3'],./diamond-details/LD09266195,[u'Faint'],[True],LD09266195,[u'1.01'],"[{u'labelSmall': u'6.45 x 6.41 x 3.94', u'label': u'6.45 x 6.41 x 3.94 mm'}]",False,[u'Excellent'],8279,"[u'$8,197']",[u'RD'],[u'Round'],[u'Call'],[u'Call'],[u'LD09266195'],[u'Excellent'],[u'57.0']
209,[u'1.00'],[u'VS2'],[u'E'],[u'None'],"[{u'labelSmall': u'Ideal', u'label': u'Ideal'}]",[u'Feb 5'],[u'Feb 6'],[u'62.1'],./diamond-details/LD09867691,[u'None'],[True],LD09867691,[u'1.01'],"[{u'labelSmall': u'6.38 x 6.42 x 3.98', u'label': u'6.38 x 6.42 x 3.98 mm'}]",False,[u'Excellent'],8279,"[u'$8,279']",[u'RD'],[u'Round'],[u'Call'],[u'Call'],[u'LD09867691'],[u'Excellent'],[u'58.0']
210,[u'1.34'],[u'SI1'],[u'I'],[u'None'],"[{u'labelSmall': u'Ideal', u'label': u'Ideal'}]",[u'Feb 5'],[u'Feb 6'],[u'62.3'],./diamond-details/LD09963920,[u'None'],[True],LD09963920,[u'1.01'],"[{u'labelSmall': u'6.99 x 7.04 x 4.37', u'label': u'6.99 x 7.04 x 4.37 mm'}]",False,[u'Excellent'],8279,"[u'$6,178']",[u'RD'],[u'Round'],[u'Call'],[u'Call'],[u'LD09963920'],[u'Excellent'],[u'57.0']
211,[u'1.00'],[u'VVS2'],[u'D'],[u'None'],"[{u'labelSmall': u'Ideal', u'label': u'Ideal'}]",[u'Feb 5'],[u'Feb 6'],[u'62.2'],./diamond-details/LD09992978,[u'Strong'],[False],LD09992978,[u'1.00'],"[{u'labelSmall': u'6.40 x 6.42 x 3.98', u'label': u'6.40 x 6.42 x 3.98 mm'}]",False,[u'Excellent'],8279,"[u'$8,279']",[u'RD'],[u'Round'],[u'Call'],[u'Call'],[u'LD09992978'],[u'Excellent'],[u'56.0']
212,[u'1.01'],[u'VS2'],[u'E'],[u'None'],"[{u'labelSmall': u'Ideal', u'label': u'Ideal'}]",[u'Jan 31'],[u'Feb 1'],[u'60.7'],./diamond-details/LD04786755,[u'None'],[False],LD04786755,[u'1.00'],"[{u'labelSmall': u'6.54 x 6.51 x 3.96', u'label': u'6.54 x 6.51 x 3.96 mm'}]",False,[u'Very Good'],8280,"[u'$8,198']",[u'RD'],[u'Round'],[u'Call'],[u'Call'],[u'LD04786755'],[u'Excellent'],[u'57.0']
213,[u'1.00'],[u'VS1'],[u'D'],[u'None'],"[{u'labelSmall': u'Ideal', u'label': u'Ideal'}]",[u'Feb 5'],[u'Feb 6'],[u'62.5'],./diamond-details/LD00001695,[u'None'],[False],LD00001695,[u'1.01'],"[{u'labelSmall': u'6.33 x 6.40 x 3.98', u'label': u'6.33 x 6.40 x 3.98 mm'}]",False,[u'Excellent'],8281,"[u'$8,281']",[u'RD'],[u'Round'],[u'Call'],[u'Call'],[u'LD00001695'],[u'Very Good'],[u'56.0']
214,[u'1.03'],[u'SI1'],[u'E'],[u'None'],"[{u'labelSmall': u'Ideal', u'label': u'Ideal'}]",[u'Jan 31'],[u'Feb 1'],[u'63.0'],./diamond-details/LD02223902,[u'Faint'],[False],LD02223902,[u'1.01'],"[{u'labelSmall': u'6.46 x 6.42 x 4.06', u'label': u'6.46 x 6.42 x 4.06 mm'}]",False,[u'Very Good'],8281,"[u'$8,040']",[u'RD'],[u'Round'],[u'Call'],[u'Call'],[u'LD02223902'],[u'Excellent'],[u'56.0']
215,[u'1.02'],[u'VVS1'],[u'G'],[u'None'],"[{u'labelSmall': u'Ideal', u'label': u'Ideal'}]",[u'Feb 5'],[u'Feb 6'],[u'61.6'],./diamond-details/LD06011308,[u'None'],[False],LD06011308,[u'1.00'],"[{u'labelSmall': u'6.46 x 6.43 x 3.97', u'label': u'6.46 x 6.43 x 3.97 mm'}]",False,[u'Excellent'],8281,"[u'$8,119']",[u'RD'],[u'Round'],[u'Call'],[u'Call'],[u'LD06011308'],[u'Excellent'],[u'58.0']
216,[u'1.02'],[u'VVS1'],[u'G'],[u'None'],"[{u'labelSmall': u'Ideal', u'label': u'Ideal'}]",[u'Feb 5'],[u'Feb 6'],[u'61.4'],./diamond-details/LD06116415,[u'None'],[False],LD06116415,[u'1.00'],"[{u'labelSmall': u'6.50 x 6.48 x 3.99', u'label': u'6.50 x 6.48 x 3.99 mm'}]",False,[u'Excellent'],8281,"[u'$8,119']",[u'RD'],[u'Round'],[u'Call'],[u'Call'],[u'LD06116415'],[u'Excellent'],[u'60.0']
217,[u'1.37'],[u'VVS2'],[u'I'],[u'None'],"[{u'labelSmall': u'Ideal', u'label': u'Ideal'}]",[u'Feb 5'],[u'Feb 6'],[u'62.9'],./diamond-details/LD09957313,[u'Faint'],[True],LD09957313,[u'1.01'],"[{u'labelSmall': u'7.11 x 7.07 x 4.45', u'label': u'7.11 x 7.07 x 4.45 mm'}]",False,[u'Excellent'],8281,"[u'$6,045']",[u'RD'],[u'Round'],[u'Call'],[u'Call'],[u'LD09957313'],[u'Excellent'],[u'58.0']
218,[u'1.01'],[u'IF'],[u'F'],[u'None'],"[{u'labelSmall': u'Ideal', u'label': u'Ideal'}]",[u'Feb 5'],[u'Feb 6'],[u'60.9'],./diamond-details/LD09877006,[u'Medium'],[True],LD09877006,[u'1.00'],"[{u'labelSmall': u'6.49 x 6.47 x 3.95', u'label': u'6.49 x 6.47 x 3.95 mm'}]",False,[u'Excellent'],8282,"[u'$8,200']",[u'RD'],[u'Round'],[u'Call'],[u'Call'],[u'LD09877006'],[u'Excellent'],[u'58.0']
219,[u'1.05'],[u'VS2'],[u'F'],[u'None'],"[{u'labelSmall': u'Ideal', u'label': u'Ideal'}]",[u'Feb 5'],[u'Feb 6'],[u'59.7'],./diamond-details/LD09987363,[u'None'],[False],LD09987363,[u'1.00'],"[{u'labelSmall': u'6.60 x 6.63 x 3.95', u'label': u'6.60 x 6.63 x 3.95 mm'}]",False,[u'Excellent'],8282,"[u'$7,888']",[u'RD'],[u'Round'],[u'Call'],[u'Call'],[u'LD09987363'],[u'Excellent'],[u'59.0']
220,[u'1.40'],[u'VS2'],[u'I'],[u'None'],"[{u'labelSmall': u'Ideal', u'label': u'Ideal'}]",[u'Feb 2'],[u'Feb 5'],[u'63.4'],./diamond-details/LD00000533,[u'None'],[True],LD00000533,[u'1.01'],"[{u'labelSmall': u'7.07 x 7.12 x 4.50', u'label': u'7.07 x 7.12 x 4.50 mm'}]",False,[u'Excellent'],8283,"[u'$5,916']",[u'RD'],[u'Round'],[u'Call'],[u'Call'],[u'LD00000533'],[u'Excellent'],[u'57.0']
221,[u'1.13'],[u'VS2'],[u'G'],[u'None'],"[{u'labelSmall': u'Ideal', u'label': u'Ideal'}]",[u'Jan 29'],[u'Jan 30'],[u'62.1'],./diamond-details/LD02284798,[u'Strong'],[True],LD02284798,[u'1.01'],"[{u'labelSmall': u'6.65 x 6.69 x 4.14', u'label': u'6.65 x 6.69 x 4.14 mm'}]",False,[u'Very Good'],8283,"[u'$7,330']",[u'RD'],[u'Round'],[u'Call'],[u'Call'],[u'LD02284798'],[u'Very Good'],[u'56.0']
222,[u'1.08'],[u'IF'],[u'G'],[u'None'],"[{u'labelSmall': u'Ideal', u'label': u'Ideal'}]",[u'Feb 5'],[u'Feb 6'],[u'60.5'],./diamond-details/LD06933785,[u'Faint'],[True],LD06933785,[u'1.00'],"[{u'labelSmall': u'6.64 x 6.66 x 4.03', u'label': u'6.64 x 6.66 x 4.03 mm'}]",False,[u'Excellent'],8283,"[u'$7,669']",[u'RD'],[u'Round'],[u'Call'],[u'Call'],[u'LD06933785'],[u'Excellent'],[u'58.0']
223,[u'1.31'],[u'SI1'],[u'G'],[u'None'],"[{u'labelSmall': u'Ideal', u'label': u'Ideal'}]",[u'Feb 5'],[u'Feb 6'],[u'62.8'],./diamond-details/LD09836102,[u'None'],[True],LD09836102,[u'1.01'],"[{u'labelSmall': u'6.97 x 6.93 x 4.36', u'label': u'6.97 x 6.93 x 4.36 mm'}]",False,[u'Excellent'],8283,"[u'$6,323']",[u'RD'],[u'Round'],[u'Call'],[u'Call'],[u'LD09836102'],[u'Excellent'],[u'57.0']
224,[u'1.52'],[u'SI2'],[u'E'],[u'None'],"[{u'labelSmall': u'Good', u'label': u'Good'}]",[u'Feb 5'],[u'Feb 6'],[u'64.4'],./diamond-details/LD06485594,[u'None'],[True],LD06485594,[u'1.01'],"[{u'labelSmall': u'7.18 x 7.23 x 4.64', u'label': u'7.18 x 7.23 x 4.64 mm'}]",False,[u'Excellent'],8284,"[u'$5,450']",[u'RD'],[u'Round'],[u'Call'],[u'Call'],[u'LD06485594'],[u'Excellent'],[u'55.0']
225,[u'1.06'],[u'VVS1'],[u'G'],[u'None'],"[{u'labelSmall': u'Ideal', u'label': u'Ideal'}]",[u'Feb 5'],[u'Feb 6'],[u'62.3'],./diamond-details/LD09438122,[u'None'],[True],LD09438122,[u'1.01'],"[{u'labelSmall': u'6.47 x 6.52 x 4.05', u'label': u'6.47 x 6.52 x 4.05 mm'}]",False,[u'Excellent'],8284,"[u'$7,815']",[u'RD'],[u'Round'],[u'Call'],[u'Call'],[u'LD09438122'],[u'Excellent'],[u'59.0']
226,[u'1.00'],[u'VVS1'],[u'F'],[u'None'],"[{u'labelSmall': u'Very Good', u'label': u'Very Good'}]",[u'Feb 5'],[u'Feb 6'],[u'64.4'],./diamond-details/LD09504913,[u'None'],[True],LD09504913,[u'1.01'],"[{u'labelSmall': u'6.26 x 6.21 x 4.01', u'label': u'6.26 x 6.21 x 4.01 mm'}]",False,[u'Excellent'],8284,"[u'$8,284']",[u'RD'],[u'Round'],[u'Call'],[u'Call'],[u'LD09504913'],[u'Very Good'],[u'59.0']
227,[u'1.00'],[u'VVS2'],[u'F'],[u'None'],"[{u'labelSmall': u'Ideal', u'label': u'Ideal'}]",[u'Feb 5'],[u'Feb 6'],[u'60.4'],./diamond-details/LD09764408,[u'Faint'],[True],LD09764408,[u'1.01'],"[{u'labelSmall': u'6.46 x 6.42 x 3.89', u'label': u'6.46 x 6.42 x 3.89 mm'}]",False,[u'Excellent'],8284,"[u'$8,284']",[u'RD'],[u'Round'],[u'Call'],[u'Call'],[u'LD09764408'],[u'Excellent'],[u'60.0']
