,carat,clarity,color,culet,cut,date,dateSet,depth,detailsPageUrl,detailsUrl,fluorescence,hasVisualization,lxwRatio,polish,price,pricePerCarat,shape,shipsInDays,shipsInDaysSet,skus,symmetry,table
0,0.70,VS2,D,None,Ideal,Jul 10,Jul 11,62.7,./diamond-details/LD08360250,/api/public/loose-diamond/diamond-details/panel?country=USA&currency=USD&language=en-us&productSet=BN&sku=LD08360250,Faint,False,1.01,Excellent,2800,"$4,000",RD,Call,Call,[u'LD08360250'],Excellent,57.0
1,0.71,VS1,G,None,Very Good,Jul 12,Jul 13,64.3,./diamond-details/LD08492036,/api/public/loose-diamond/diamond-details/panel?country=USA&currency=USD&language=en-us&productSet=BN&sku=LD08492036,None,True,1.01,Very Good,2800,"$3,944",RD,Call,Call,[u'LD08492036'],Excellent,55.0
2,0.70,VVS2,F,None,Very Good,Jul 10,Jul 11,64.4,./diamond-details/LD08858296,/api/public/loose-diamond/diamond-details/panel?country=USA&currency=USD&language=en-us&productSet=BN&sku=LD08858296,None,False,1.01,Excellent,2800,"$4,000",RD,Call,Call,[u'LD08858296'],Excellent,57.0
3,0.80,VVS2,I,None,Ideal,Jul 12,Jul 13,61.5,./diamond-details/LD08923175,/api/public/loose-diamond/diamond-details/panel?country=USA&currency=USD&language=en-us&productSet=BN&sku=LD08923175,None,False,1.01,Excellent,2800,"$3,500",RD,Call,Call,[u'LD08923175'],Excellent,61.0
4,0.70,VS1,H,None,Ideal,Jul 12,Jul 13,63.4,./diamond-details/LD08927917,/api/public/loose-diamond/diamond-details/panel?country=USA&currency=USD&language=en-us&productSet=BN&sku=LD08927917,None,False,1.00,Excellent,2800,"$4,000",RD,Call,Call,[u'LD08927917'],Excellent,57.0
5,0.72,VS1,G,None,Very Good,Jul 12,Jul 13,64.9,./diamond-details/LD08961264,/api/public/loose-diamond/diamond-details/panel?country=USA&currency=USD&language=en-us&productSet=BN&sku=LD08961264,None,False,1.01,Excellent,2800,"$3,889",RD,Call,Call,[u'LD08961264'],Very Good,59.0
6,0.71,VS1,H,None,Ideal,Jul 7,Jul 10,62.6,./diamond-details/LD07248221,/api/public/loose-diamond/diamond-details/panel?country=USA&currency=USD&language=en-us&productSet=BN&sku=LD07248221,None,False,1.01,Excellent,2801,"$3,945",RD,Call,Call,[u'LD07248221'],Excellent,58.0
7,0.90,SI2,J,None,Very Good,Jul 12,Jul 13,64.1,./diamond-details/LD07338880,/api/public/loose-diamond/diamond-details/panel?country=USA&currency=USD&language=en-us&productSet=BN&sku=LD07338880,None,False,1.00,Excellent,2801,"$3,112",RD,Call,Call,[u'LD07338880'],Good,55.0
8,0.82,SI1,H,None,Ideal,Jul 12,Jul 13,61.5,./diamond-details/LD08083506,/api/public/loose-diamond/diamond-details/panel?country=USA&currency=USD&language=en-us&productSet=BN&sku=LD08083506,None,True,1.01,Excellent,2801,"$3,416",RD,Call,Call,[u'LD08083506'],Excellent,58.0
9,0.60,VVS1,F,None,Ideal,Jul 10,Jul 11,63.0,./diamond-details/LD08858515,/api/public/loose-diamond/diamond-details/panel?country=USA&currency=USD&language=en-us&productSet=BN&sku=LD08858515,None,False,1.01,Excellent,2801,"$4,668",RD,Call,Call,[u'LD08858515'],Excellent,55.0
10,0.70,VS2,G,None,Ideal,Jul 12,Jul 13,62.9,./diamond-details/LD08871832,/api/public/loose-diamond/diamond-details/panel?country=USA&currency=USD&language=en-us&productSet=BN&sku=LD08871832,None,False,1.01,Excellent,2801,"$4,001",RD,Call,Call,[u'LD08871832'],Very Good,56.0
11,0.71,VVS1,H,None,Ideal,Jul 12,Jul 13,61.5,./diamond-details/LD08886579,/api/public/loose-diamond/diamond-details/panel?country=USA&currency=USD&language=en-us&productSet=BN&sku=LD08886579,None,True,1.01,Excellent,2801,"$3,945",RD,Call,Call,[u'LD08886579'],Excellent,57.0
12,0.75,SI1,G,None,Ideal,Jul 6,Jul 7,61.9,./diamond-details/LD08949457,/api/public/loose-diamond/diamond-details/panel?country=USA&currency=USD&language=en-us&productSet=BN&sku=LD08949457,Faint,False,1.01,Excellent,2801,"$3,735",RD,Call,Call,[u'LD08949457'],Excellent,58.0
13,0.70,VS2,G,None,Ideal,Jul 12,Jul 13,63.1,./diamond-details/LD08959252,/api/public/loose-diamond/diamond-details/panel?country=USA&currency=USD&language=en-us&productSet=BN&sku=LD08959252,None,False,1.01,Excellent,2801,"$4,001",RD,Call,Call,[u'LD08959252'],Excellent,56.0
14,0.73,VS1,D,None,Ideal,Jul 12,Jul 13,62.4,./diamond-details/LD05844970,/api/public/loose-diamond/diamond-details/panel?country=USA&currency=USD&language=en-us&productSet=BN&sku=LD05844970,Strong,False,1.00,Excellent,2802,"$3,838",RD,Call,Call,[u'LD05844970'],Excellent,59.0
15,0.63,VS2,D,None,Signature Ideal,Jul 5,Jul 5,61.9,./diamond-details/LD07070733,/api/public/loose-diamond/diamond-details/panel?country=USA&currency=USD&language=en-us&productSet=BN&sku=LD07070733,None,True,1.00,Excellent,2802,"$4,448",RD,Call,Call,[u'LD07070733'],Excellent,57.0
16,0.70,VS2,F,None,Very Good,Jul 12,Jul 13,64.2,./diamond-details/LD07431990,/api/public/loose-diamond/diamond-details/panel?country=USA&currency=USD&language=en-us&productSet=BN&sku=LD07431990,None,False,1.00,Excellent,2802,"$4,003",RD,Call,Call,[u'LD07431990'],Very Good,56.0
17,0.90,SI2,H,None,Very Good,Jul 12,Jul 13,64.7,./diamond-details/LD08033225,/api/public/loose-diamond/diamond-details/panel?country=USA&currency=USD&language=en-us&productSet=BN&sku=LD08033225,None,True,1.01,Excellent,2802,"$3,113",RD,Call,Call,[u'LD08033225'],Very Good,58.0
18,0.63,VVS2,D,None,Ideal,Jul 10,Jul 11,62.6,./diamond-details/LD08428437,/api/public/loose-diamond/diamond-details/panel?country=USA&currency=USD&language=en-us&productSet=BN&sku=LD08428437,None,False,1.01,Excellent,2802,"$4,448",RD,Call,Call,[u'LD08428437'],Excellent,57.0
19,0.63,VVS2,D,None,Ideal,Jul 10,Jul 11,62.6,./diamond-details/LD08529984,/api/public/loose-diamond/diamond-details/panel?country=USA&currency=USD&language=en-us&productSet=BN&sku=LD08529984,None,False,1.01,Excellent,2802,"$4,448",RD,Call,Call,[u'LD08529984'],Excellent,57.0
20,0.70,VS2,F,None,Ideal,Jul 13,Jul 14,59.4,./diamond-details/LD08783763,/api/public/loose-diamond/diamond-details/panel?country=USA&currency=USD&language=en-us&productSet=BN&sku=LD08783763,None,True,1.01,Excellent,2802,"$4,003",RD,Call,Call,[u'LD08783763'],Very Good,60.0
21,0.80,VVS2,I,None,Ideal,Jul 5,Jul 6,63.1,./diamond-details/LD08867648,/api/public/loose-diamond/diamond-details/panel?country=USA&currency=USD&language=en-us&productSet=BN&sku=LD08867648,Strong,True,1.01,Excellent,2802,"$3,502",RD,Call,Call,[u'LD08867648'],Excellent,56.0
22,0.70,VS1,E,None,Ideal,Jul 18,Jul 19,61.8,./diamond-details/LD08905076,/api/public/loose-diamond/diamond-details/panel?country=USA&currency=USD&language=en-us&productSet=BN&sku=LD08905076,Medium,True,1.01,Excellent,2802,"$4,003",RD,Call,Call,[u'LD08905076'],Excellent,58.0
23,0.90,SI2,J,None,Ideal,Jul 13,Jul 14,62.6,./diamond-details/LD08951458,/api/public/loose-diamond/diamond-details/panel?country=USA&currency=USD&language=en-us&productSet=BN&sku=LD08951458,None,False,1.00,Excellent,2802,"$3,113",RD,Call,Call,[u'LD08951458'],Excellent,56.0
24,0.70,VS2,E,None,Very Good,Jul 12,Jul 13,63.2,./diamond-details/LD08960060,/api/public/loose-diamond/diamond-details/panel?country=USA&currency=USD&language=en-us&productSet=BN&sku=LD08960060,None,False,1.01,Excellent,2802,"$4,003",RD,Call,Call,[u'LD08960060'],Excellent,57.0
25,0.70,VS2,E,None,Very Good,Jul 12,Jul 13,64.4,./diamond-details/LD08960062,/api/public/loose-diamond/diamond-details/panel?country=USA&currency=USD&language=en-us&productSet=BN&sku=LD08960062,None,False,1.01,Very Good,2802,"$4,003",RD,Call,Call,[u'LD08960062'],Excellent,57.0
26,0.70,SI1,E,None,Ideal,Jul 12,Jul 13,62.1,./diamond-details/LD08962608,/api/public/loose-diamond/diamond-details/panel?country=USA&currency=USD&language=en-us&productSet=BN&sku=LD08962608,None,False,1.01,Excellent,2802,"$4,003",RD,Call,Call,[u'LD08962608'],Excellent,56.0
27,0.90,SI2,J,None,Ideal,Jul 13,Jul 14,62.6,./diamond-details/LD08967902,/api/public/loose-diamond/diamond-details/panel?country=USA&currency=USD&language=en-us&productSet=BN&sku=LD08967902,None,True,1.00,Excellent,2802,"$3,113",RD,Call,Call,[u'LD08967902'],Excellent,56.0
28,0.60,VVS1,F,None,Ideal,Jul 12,Jul 13,61.5,./diamond-details/LD08975798,/api/public/loose-diamond/diamond-details/panel?country=USA&currency=USD&language=en-us&productSet=BN&sku=LD08975798,None,False,1.01,Excellent,2802,"$4,670",RD,Call,Call,[u'LD08975798'],Excellent,61.0
29,0.71,IF,H,None,Ideal,Jul 12,Jul 13,61.6,./diamond-details/LD07951159,/api/public/loose-diamond/diamond-details/panel?country=USA&currency=USD&language=en-us&productSet=BN&sku=LD07951159,None,True,1.01,Very Good,2803,"$3,948",RD,Call,Call,[u'LD07951159'],Excellent,59.0
30,0.60,VVS1,D,None,Very Good,Jul 12,Jul 13,63.9,./diamond-details/LD07951301,/api/public/loose-diamond/diamond-details/panel?country=USA&currency=USD&language=en-us&productSet=BN&sku=LD07951301,None,True,1.01,Excellent,2803,"$4,672",RD,Call,Call,[u'LD07951301'],Very Good,56.0
31,0.60,VVS1,D,None,Very Good,Jul 12,Jul 13,64.9,./diamond-details/LD07951303,/api/public/loose-diamond/diamond-details/panel?country=USA&currency=USD&language=en-us&productSet=BN&sku=LD07951303,None,True,1.01,Excellent,2803,"$4,672",RD,Call,Call,[u'LD07951303'],Very Good,56.0
32,0.60,VVS1,D,None,Very Good,Jul 12,Jul 13,63.2,./diamond-details/LD07951484,/api/public/loose-diamond/diamond-details/panel?country=USA&currency=USD&language=en-us&productSet=BN&sku=LD07951484,None,True,1.02,Very Good,2803,"$4,672",RD,Call,Call,[u'LD07951484'],Very Good,58.0
33,0.60,VVS1,D,None,Very Good,Jul 12,Jul 13,63.6,./diamond-details/LD08000200,/api/public/loose-diamond/diamond-details/panel?country=USA&currency=USD&language=en-us&productSet=BN&sku=LD08000200,None,True,1.01,Excellent,2803,"$4,672",RD,Call,Call,[u'LD08000200'],Excellent,60.0
34,0.60,VVS1,D,None,Very Good,Jul 12,Jul 13,63.2,./diamond-details/LD08085288,/api/public/loose-diamond/diamond-details/panel?country=USA&currency=USD&language=en-us&productSet=BN&sku=LD08085288,None,True,1.01,Very Good,2803,"$4,672",RD,Call,Call,[u'LD08085288'],Very Good,59.0
35,0.70,VS2,F,None,Very Good,Jul 6,Jul 7,62.5,./diamond-details/LD08135775,/api/public/loose-diamond/diamond-details/panel?country=USA&currency=USD&language=en-us&productSet=BN&sku=LD08135775,None,False,1.01,Excellent,2803,"$4,004",RD,Call,Call,[u'LD08135775'],Excellent,60.0
36,0.60,VVS1,D,None,Very Good,Jul 12,Jul 13,64.6,./diamond-details/LD08470977,/api/public/loose-diamond/diamond-details/panel?country=USA&currency=USD&language=en-us&productSet=BN&sku=LD08470977,None,True,1.01,Excellent,2803,"$4,672",RD,Call,Call,[u'LD08470977'],Very Good,56.0
37,0.80,VS2,I,None,Ideal,Jul 18,Jul 19,61.8,./diamond-details/LD08658364,/api/public/loose-diamond/diamond-details/panel?country=USA&currency=USD&language=en-us&productSet=BN&sku=LD08658364,Faint,True,1.01,Excellent,2803,"$3,504",RD,Call,Call,[u'LD08658364'],Excellent,57.0
38,0.60,VVS1,F,None,Ideal,Jul 12,Jul 13,62.6,./diamond-details/LD08942069,/api/public/loose-diamond/diamond-details/panel?country=USA&currency=USD&language=en-us&productSet=BN&sku=LD08942069,None,False,1.01,Excellent,2803,"$4,672",RD,Call,Call,[u'LD08942069'],Excellent,56.0
39,0.58,IF,E,None,Signature Ideal,Jul 5,Jul 5,61.8,./diamond-details/LD03201886,/api/public/loose-diamond/diamond-details/panel?country=USA&currency=USD&language=en-us&productSet=BN&sku=LD03201886,None,True,1.00,Excellent,2804,"$4,834",RD,Call,Call,[u'LD03201886'],Excellent,57.0
40,0.70,SI1,D,None,Ideal,Jul 10,Jul 11,62.9,./diamond-details/LD07169221,/api/public/loose-diamond/diamond-details/panel?country=USA&currency=USD&language=en-us&productSet=BN&sku=LD07169221,None,False,1.01,Excellent,2804,"$4,006",RD,Call,Call,[u'LD07169221'],Very Good,56.0
41,0.75,IF,H,None,Ideal,Jul 12,Jul 13,61.3,./diamond-details/LD07308423,/api/public/loose-diamond/diamond-details/panel?country=USA&currency=USD&language=en-us&productSet=BN&sku=LD07308423,Strong,False,1.00,Excellent,2804,"$3,739",RD,Call,Call,[u'LD07308423'],Excellent,61.0
42,0.65,IF,F,None,Ideal,Jul 12,Jul 13,61.5,./diamond-details/LD07523697,/api/public/loose-diamond/diamond-details/panel?country=USA&currency=USD&language=en-us&productSet=BN&sku=LD07523697,None,False,1.01,Excellent,2804,"$4,314",RD,Call,Call,[u'LD07523697'],Excellent,58.0
43,0.71,IF,H,None,Ideal,Jul 12,Jul 13,61.5,./diamond-details/LD08001223,/api/public/loose-diamond/diamond-details/panel?country=USA&currency=USD&language=en-us&productSet=BN&sku=LD08001223,Faint,True,1.01,Excellent,2804,"$3,949",RD,Call,Call,[u'LD08001223'],Excellent,58.0
44,0.70,VVS1,G,None,Ideal,Jul 5,Jul 6,60.2,./diamond-details/LD08066467,/api/public/loose-diamond/diamond-details/panel?country=USA&currency=USD&language=en-us&productSet=BN&sku=LD08066467,Strong,True,1.01,Excellent,2804,"$4,006",RD,Call,Call,[u'LD08066467'],Excellent,59.0
45,0.70,VVS2,G,None,Ideal,Jul 13,Jul 14,62.8,./diamond-details/LD08118661,/api/public/loose-diamond/diamond-details/panel?country=USA&currency=USD&language=en-us&productSet=BN&sku=LD08118661,None,False,1.01,Very Good,2804,"$4,006",RD,Call,Call,[u'LD08118661'],Excellent,55.0
46,0.70,VVS2,G,None,Ideal,Jul 13,Jul 14,63.2,./diamond-details/LD08118664,/api/public/loose-diamond/diamond-details/panel?country=USA&currency=USD&language=en-us&productSet=BN&sku=LD08118664,None,False,1.01,Excellent,2804,"$4,006",RD,Call,Call,[u'LD08118664'],Very Good,56.0
47,0.60,VVS1,E,None,Ideal,Jul 12,Jul 13,62.6,./diamond-details/LD08459820,/api/public/loose-diamond/diamond-details/panel?country=USA&currency=USD&language=en-us&productSet=BN&sku=LD08459820,None,False,1.01,Excellent,2804,"$4,673",RD,Call,Call,[u'LD08459820'],Excellent,58.0
48,0.90,SI2,G,None,Good,Jul 10,Jul 11,65.1,./diamond-details/LD08466089,/api/public/loose-diamond/diamond-details/panel?country=USA&currency=USD&language=en-us&productSet=BN&sku=LD08466089,Faint,False,1.01,Very Good,2804,"$3,116",RD,Call,Call,[u'LD08466089'],Very Good,57.0
49,0.60,VVS1,E,None,Ideal,Jul 12,Jul 13,62.4,./diamond-details/LD08501392,/api/public/loose-diamond/diamond-details/panel?country=USA&currency=USD&language=en-us&productSet=BN&sku=LD08501392,None,False,1.01,Excellent,2804,"$4,673",RD,Call,Call,[u'LD08501392'],Excellent,60.0
50,0.74,VVS2,H,None,Ideal,Jul 12,Jul 13,62.5,./diamond-details/LD08544001,/api/public/loose-diamond/diamond-details/panel?country=USA&currency=USD&language=en-us&productSet=BN&sku=LD08544001,None,True,1.01,Excellent,2804,"$3,789",RD,Call,Call,[u'LD08544001'],Excellent,56.0
51,0.71,SI1,D,None,Ideal,Jul 12,Jul 13,62.3,./diamond-details/LD08787855,/api/public/loose-diamond/diamond-details/panel?country=USA&currency=USD&language=en-us&productSet=BN&sku=LD08787855,None,False,1.01,Excellent,2804,"$3,949",RD,Call,Call,[u'LD08787855'],Excellent,55.0
52,0.80,VVS1,I,None,Very Good,Jul 10,Jul 11,62.7,./diamond-details/LD08817897,/api/public/loose-diamond/diamond-details/panel?country=USA&currency=USD&language=en-us&productSet=BN&sku=LD08817897,Medium,False,1.00,Very Good,2804,"$3,505",RD,Call,Call,[u'LD08817897'],Excellent,57.0
53,0.71,VS1,D,None,Ideal,Jul 12,Jul 13,62.0,./diamond-details/LD06486792,/api/public/loose-diamond/diamond-details/panel?country=USA&currency=USD&language=en-us&productSet=BN&sku=LD06486792,Medium Blue,False,1.01,Very Good,2805,"$3,951",RD,Call,Call,[u'LD06486792'],Very Good,59.0
54,0.71,VS1,F,None,Very Good,Jul 12,Jul 13,64.0,./diamond-details/LD07254176,/api/public/loose-diamond/diamond-details/panel?country=USA&currency=USD&language=en-us&productSet=BN&sku=LD07254176,Faint,False,1.00,Excellent,2805,"$3,951",RD,Call,Call,[u'LD07254176'],Very Good,58.0
55,0.80,SI1,G,None,Ideal,Jul 18,Jul 19,62.3,./diamond-details/LD07367195,/api/public/loose-diamond/diamond-details/panel?country=USA&currency=USD&language=en-us&productSet=BN&sku=LD07367195,None,True,1.00,Excellent,2805,"$3,506",RD,Call,Call,[u'LD07367195'],Excellent,56.0
56,0.80,VS1,I,None,Ideal,Jul 18,Jul 19,62.4,./diamond-details/LD07446615,/api/public/loose-diamond/diamond-details/panel?country=USA&currency=USD&language=en-us&productSet=BN&sku=LD07446615,None,True,1.01,Excellent,2805,"$3,506",RD,Call,Call,[u'LD07446615'],Excellent,58.0
57,0.70,VS1,E,None,Very Good,Jul 13,Jul 14,63.9,./diamond-details/LD08531979,/api/public/loose-diamond/diamond-details/panel?country=USA&currency=USD&language=en-us&productSet=BN&sku=LD08531979,None,False,1.01,Excellent,2805,"$4,007",RD,Call,Call,[u'LD08531979'],Excellent,58.0
58,0.70,VVS2,H,None,Ideal,Jul 12,Jul 13,63.0,./diamond-details/LD08787890,/api/public/loose-diamond/diamond-details/panel?country=USA&currency=USD&language=en-us&productSet=BN&sku=LD08787890,None,False,1.01,Excellent,2805,"$4,007",RD,Call,Call,[u'LD08787890'],Excellent,54.0
59,0.64,VS1,D,None,Ideal,Jul 12,Jul 13,62.6,./diamond-details/LD08852395,/api/public/loose-diamond/diamond-details/panel?country=USA&currency=USD&language=en-us&productSet=BN&sku=LD08852395,None,False,1.01,Excellent,2805,"$4,383",RD,Call,Call,[u'LD08852395'],Excellent,58.0
60,0.71,VS1,G,None,Very Good,Jul 12,Jul 13,64.5,./diamond-details/LD08960811,/api/public/loose-diamond/diamond-details/panel?country=USA&currency=USD&language=en-us&productSet=BN&sku=LD08960811,None,False,1.00,Excellent,2805,"$3,951",RD,Call,Call,[u'LD08960811'],Excellent,57.0
61,0.60,VVS2,D,None,Ideal,Jul 12,Jul 13,62.4,./diamond-details/LD07399760,/api/public/loose-diamond/diamond-details/panel?country=USA&currency=USD&language=en-us&productSet=BN&sku=LD07399760,None,False,1.01,Excellent,2806,"$4,677",RD,Call,Call,[u'LD07399760'],Excellent,56.0
62,0.90,SI2,I,Very Small,Very Good,Jul 7,Jul 10,62.2,./diamond-details/LD07899366,/api/public/loose-diamond/diamond-details/panel?country=USA&currency=USD&language=en-us&productSet=BN&sku=LD07899366,Medium Blue,False,1.01,Very Good,2806,"$3,118",RD,Call,Call,[u'LD07899366'],Very Good,57.0
63,0.70,VVS2,F,None,Very Good,Jul 12,Jul 13,63.5,./diamond-details/LD08537175,/api/public/loose-diamond/diamond-details/panel?country=USA&currency=USD&language=en-us&productSet=BN&sku=LD08537175,Medium,False,1.00,Excellent,2806,"$4,009",RD,Call,Call,[u'LD08537175'],Excellent,58.0
64,0.60,IF,E,None,Ideal,Jul 10,Jul 11,62.7,./diamond-details/LD08858151,/api/public/loose-diamond/diamond-details/panel?country=USA&currency=USD&language=en-us&productSet=BN&sku=LD08858151,Strong,False,1.01,Excellent,2806,"$4,677",RD,Call,Call,[u'LD08858151'],Very Good,56.0
65,0.81,SI2,F,None,Ideal,Jul 12,Jul 13,61.4,./diamond-details/LD08972868,/api/public/loose-diamond/diamond-details/panel?country=USA&currency=USD&language=en-us&productSet=BN&sku=LD08972868,None,False,1.00,Excellent,2806,"$3,464",RD,Call,Call,[u'LD08972868'],Excellent,60.0
66,0.70,VVS2,E,None,Very Good,Jul 12,Jul 13,64.5,./diamond-details/LD07951624,/api/public/loose-diamond/diamond-details/panel?country=USA&currency=USD&language=en-us&productSet=BN&sku=LD07951624,None,True,1.01,Very Good,2807,"$4,010",RD,Call,Call,[u'LD07951624'],Good,55.0
67,0.51,IF,D,None,Very Good,Jul 12,Jul 13,64.2,./diamond-details/LD08337647,/api/public/loose-diamond/diamond-details/panel?country=USA&currency=USD&language=en-us&productSet=BN&sku=LD08337647,None,True,1.01,Excellent,2807,"$5,504",RD,Call,Call,[u'LD08337647'],Excellent,57.0
68,0.70,VS2,D,None,Very Good,Jul 12,Jul 13,64.4,./diamond-details/LD08538023,/api/public/loose-diamond/diamond-details/panel?country=USA&currency=USD&language=en-us&productSet=BN&sku=LD08538023,None,True,1.01,Excellent,2807,"$4,010",RD,Call,Call,[u'LD08538023'],Very Good,55.0
69,0.70,VVS2,G,None,Ideal,Jul 12,Jul 13,60.3,./diamond-details/LD08624303,/api/public/loose-diamond/diamond-details/panel?country=USA&currency=USD&language=en-us&productSet=BN&sku=LD08624303,None,False,1.01,Excellent,2807,"$4,010",RD,Call,Call,[u'LD08624303'],Excellent,59.0
70,0.72,VVS2,H,None,Ideal,Jul 13,Jul 14,62.7,./diamond-details/LD08624777,/api/public/loose-diamond/diamond-details/panel?country=USA&currency=USD&language=en-us&productSet=BN&sku=LD08624777,None,False,1.01,Excellent,2807,"$3,899",RD,Call,Call,[u'LD08624777'],Excellent,57.0
71,0.70,VVS1,G,None,Very Good,Jul 12,Jul 13,63.8,./diamond-details/LD08673717,/api/public/loose-diamond/diamond-details/panel?country=USA&currency=USD&language=en-us&productSet=BN&sku=LD08673717,None,False,1.01,Excellent,2807,"$4,010",RD,Call,Call,[u'LD08673717'],Very Good,56.0
72,0.70,VVS1,G,None,Very Good,Jul 12,Jul 13,64.5,./diamond-details/LD08678812,/api/public/loose-diamond/diamond-details/panel?country=USA&currency=USD&language=en-us&productSet=BN&sku=LD08678812,None,False,1.01,Excellent,2807,"$4,010",RD,Call,Call,[u'LD08678812'],Excellent,57.0
73,0.70,VVS2,G,None,Ideal,Jul 12,Jul 13,62.7,./diamond-details/LD08680885,/api/public/loose-diamond/diamond-details/panel?country=USA&currency=USD&language=en-us&productSet=BN&sku=LD08680885,None,False,1.01,Excellent,2807,"$4,010",RD,Call,Call,[u'LD08680885'],Excellent,58.0
74,0.90,VS2,J,None,Very Good,Jul 12,Jul 13,64.6,./diamond-details/LD08852219,/api/public/loose-diamond/diamond-details/panel?country=USA&currency=USD&language=en-us&productSet=BN&sku=LD08852219,None,False,1.01,Very Good,2807,"$3,119",RD,Call,Call,[u'LD08852219'],Very Good,56.0
75,0.73,VS1,G,None,Ideal,Jul 12,Jul 13,62.2,./diamond-details/LD08916223,/api/public/loose-diamond/diamond-details/panel?country=USA&currency=USD&language=en-us&productSet=BN&sku=LD08916223,Medium,False,1.00,Excellent,2807,"$3,845",RD,Call,Call,[u'LD08916223'],Excellent,56.0
76,0.90,SI1,J,None,Ideal,Jul 12,Jul 13,62.7,./diamond-details/LD06815815,/api/public/loose-diamond/diamond-details/panel?country=USA&currency=USD&language=en-us&productSet=BN&sku=LD06815815,Faint,False,1.00,Excellent,2808,"$3,120",RD,Call,Call,[u'LD06815815'],Excellent,55.0
77,0.60,IF,G,None,Signature Ideal,Jul 5,Jul 5,61.8,./diamond-details/LD08378482,/api/public/loose-diamond/diamond-details/panel?country=USA&currency=USD&language=en-us&productSet=BN&sku=LD08378482,None,True,1.01,Excellent,2808,"$4,680",RD,Call,Call,[u'LD08378482'],Excellent,56.0
78,0.72,VVS1,I,None,Ideal,Jul 6,Jul 7,62.3,./diamond-details/LD08737188,/api/public/loose-diamond/diamond-details/panel?country=USA&currency=USD&language=en-us&productSet=BN&sku=LD08737188,None,False,1.01,Excellent,2808,"$3,900",RD,Call,Call,[u'LD08737188'],Excellent,59.0
79,0.80,VVS2,H,None,Good,Jul 12,Jul 13,61.3,./diamond-details/LD08965658,/api/public/loose-diamond/diamond-details/panel?country=USA&currency=USD&language=en-us&productSet=BN&sku=LD08965658,None,False,1.01,Excellent,2808,"$3,510",RD,Call,Call,[u'LD08965658'],Excellent,62.0
80,0.80,SI1,D,None,Ideal,Jul 12,Jul 13,62.7,./diamond-details/LD08242086,/api/public/loose-diamond/diamond-details/panel?country=USA&currency=USD&language=en-us&productSet=BN&sku=LD08242086,Strong,True,1.01,Excellent,2809,"$3,511",RD,Call,Call,[u'LD08242086'],Excellent,57.0
81,0.71,VS1,H,None,Ideal,Jul 12,Jul 13,60.9,./diamond-details/LD08323207,/api/public/loose-diamond/diamond-details/panel?country=USA&currency=USD&language=en-us&productSet=BN&sku=LD08323207,None,False,1.00,Excellent,2809,"$3,956",RD,Call,Call,[u'LD08323207'],Excellent,59.0
82,0.70,VS2,D,None,Ideal,Jul 10,Jul 11,62.4,./diamond-details/LD08380391,/api/public/loose-diamond/diamond-details/panel?country=USA&currency=USD&language=en-us&productSet=BN&sku=LD08380391,None,False,1.01,Excellent,2809,"$4,013",RD,Call,Call,[u'LD08380391'],Very Good,58.0
83,0.75,SI1,E,None,Very Good,Jul 13,Jul 14,64.2,./diamond-details/LD08495929,/api/public/loose-diamond/diamond-details/panel?country=USA&currency=USD&language=en-us&productSet=BN&sku=LD08495929,None,False,1.00,Excellent,2809,"$3,745",RD,Call,Call,[u'LD08495929'],Excellent,58.0
84,0.50,IF,D,None,Ideal,Jul 12,Jul 13,62.5,./diamond-details/LD08521514,/api/public/loose-diamond/diamond-details/panel?country=USA&currency=USD&language=en-us&productSet=BN&sku=LD08521514,None,True,1.01,Excellent,2809,"$5,618",RD,Call,Call,[u'LD08521514'],Excellent,59.0
85,0.71,VS1,D,None,Very Good,Jul 12,Jul 13,63.8,./diamond-details/LD08606231,/api/public/loose-diamond/diamond-details/panel?country=USA&currency=USD&language=en-us&productSet=BN&sku=LD08606231,None,False,1.01,Very Good,2809,"$3,956",RD,Call,Call,[u'LD08606231'],Very Good,58.0
86,0.80,SI1,F,None,Very Good,Jul 12,Jul 13,64.5,./diamond-details/LD08753189,/api/public/loose-diamond/diamond-details/panel?country=USA&currency=USD&language=en-us&productSet=BN&sku=LD08753189,None,False,1.01,Excellent,2809,"$3,511",RD,Call,Call,[u'LD08753189'],Excellent,57.0
87,0.81,VVS2,I,None,Ideal,Jul 12,Jul 13,62.7,./diamond-details/LD08769905,/api/public/loose-diamond/diamond-details/panel?country=USA&currency=USD&language=en-us&productSet=BN&sku=LD08769905,Faint,False,1.01,Excellent,2809,"$3,468",RD,Call,Call,[u'LD08769905'],Excellent,56.0
88,0.71,VVS2,G,None,Ideal,Jul 12,Jul 13,62.3,./diamond-details/LD06693661,/api/public/loose-diamond/diamond-details/panel?country=USA&currency=USD&language=en-us&productSet=BN&sku=LD06693661,Faint,False,1.01,Excellent,2810,"$3,958",RD,Call,Call,[u'LD06693661'],Excellent,57.0
89,0.85,SI2,G,None,Ideal,Jul 12,Jul 13,61.4,./diamond-details/LD07277570,/api/public/loose-diamond/diamond-details/panel?country=USA&currency=USD&language=en-us&productSet=BN&sku=LD07277570,None,True,1.00,Excellent,2810,"$3,306",RD,Call,Call,[u'LD07277570'],Excellent,60.0
90,0.80,VS2,I,None,Ideal,Jul 18,Jul 19,62.6,./diamond-details/LD07499946,/api/public/loose-diamond/diamond-details/panel?country=USA&currency=USD&language=en-us&productSet=BN&sku=LD07499946,None,True,1.01,Excellent,2810,"$3,512",RD,Call,Call,[u'LD07499946'],Excellent,57.0
91,0.80,VS2,I,None,Ideal,Jul 6,Jul 7,62.5,./diamond-details/LD08003406,/api/public/loose-diamond/diamond-details/panel?country=USA&currency=USD&language=en-us&productSet=BN&sku=LD08003406,None,True,1.01,Excellent,2810,"$3,512",RD,Call,Call,[u'LD08003406'],Excellent,57.0
92,0.90,VS1,I,None,Good,Jul 12,Jul 13,66.4,./diamond-details/LD08298387,/api/public/loose-diamond/diamond-details/panel?country=USA&currency=USD&language=en-us&productSet=BN&sku=LD08298387,None,False,1.01,Excellent,2810,"$3,122",RD,Call,Call,[u'LD08298387'],Very Good,60.0
93,0.82,VS2,I,None,Ideal,Jul 12,Jul 13,62.3,./diamond-details/LD08628123,/api/public/loose-diamond/diamond-details/panel?country=USA&currency=USD&language=en-us&productSet=BN&sku=LD08628123,None,True,1.01,Excellent,2810,"$3,427",RD,Call,Call,[u'LD08628123'],Excellent,56.0
94,0.52,IF,D,None,Ideal,Jul 12,Jul 13,59.8,./diamond-details/LD08653915,/api/public/loose-diamond/diamond-details/panel?country=USA&currency=USD&language=en-us&productSet=BN&sku=LD08653915,None,False,1.00,Excellent,2810,"$5,404",RD,Call,Call,[u'LD08653915'],Excellent,61.0
95,0.50,IF,D,None,Ideal,Jul 12,Jul 13,62.4,./diamond-details/LD08773621,/api/public/loose-diamond/diamond-details/panel?country=USA&currency=USD&language=en-us&productSet=BN&sku=LD08773621,None,False,1.01,Excellent,2810,"$5,620",RD,Call,Call,[u'LD08773621'],Very Good,59.0
96,0.80,SI1,G,None,Very Good,Jul 12,Jul 13,64.7,./diamond-details/LD08792269,/api/public/loose-diamond/diamond-details/panel?country=USA&currency=USD&language=en-us&productSet=BN&sku=LD08792269,None,True,1.01,Excellent,2810,"$3,512",RD,Call,Call,[u'LD08792269'],Excellent,55.0
97,0.50,IF,D,None,Ideal,Jul 12,Jul 13,61.8,./diamond-details/LD08806205,/api/public/loose-diamond/diamond-details/panel?country=USA&currency=USD&language=en-us&productSet=BN&sku=LD08806205,None,False,1.01,Excellent,2810,"$5,620",RD,Call,Call,[u'LD08806205'],Very Good,58.0
98,0.50,IF,D,None,Very Good,Jul 12,Jul 13,63.3,./diamond-details/LD08826586,/api/public/loose-diamond/diamond-details/panel?country=USA&currency=USD&language=en-us&productSet=BN&sku=LD08826586,None,False,1.01,Excellent,2810,"$5,620",RD,Call,Call,[u'LD08826586'],Excellent,57.0
99,0.80,SI1,G,None,Very Good,Jul 12,Jul 13,64.6,./diamond-details/LD08896599,/api/public/loose-diamond/diamond-details/panel?country=USA&currency=USD&language=en-us&productSet=BN&sku=LD08896599,None,True,1.01,Excellent,2810,"$3,512",RD,Call,Call,[u'LD08896599'],Excellent,56.0
100,0.72,VS2,G,None,Ideal,Jul 12,Jul 13,62.1,./diamond-details/LD08908277,/api/public/loose-diamond/diamond-details/panel?country=USA&currency=USD&language=en-us&productSet=BN&sku=LD08908277,None,False,1.00,Excellent,2810,"$3,903",RD,Call,Call,[u'LD08908277'],Excellent,58.0
101,0.72,VS1,G,None,Ideal,Jul 12,Jul 13,62.3,./diamond-details/LD08962325,/api/public/loose-diamond/diamond-details/panel?country=USA&currency=USD&language=en-us&productSet=BN&sku=LD08962325,None,False,1.01,Excellent,2810,"$3,903",RD,Call,Call,[u'LD08962325'],Excellent,55.0
102,0.70,VS1,H,None,Ideal,Jul 7,Jul 10,59.1,./diamond-details/LD07572042,/api/public/loose-diamond/diamond-details/panel?country=USA&currency=USD&language=en-us&productSet=BN&sku=LD07572042,None,False,1.00,Excellent,2811,"$4,016",RD,Call,Call,[u'LD07572042'],Excellent,62.0
103,0.81,SI1,H,None,Ideal,Jul 6,Jul 7,62.2,./diamond-details/LD07607620,/api/public/loose-diamond/diamond-details/panel?country=USA&currency=USD&language=en-us&productSet=BN&sku=LD07607620,None,True,1.00,Excellent,2811,"$3,470",RD,Call,Call,[u'LD07607620'],Excellent,59.0
104,0.50,IF,D,None,Very Good,Jul 12,Jul 13,61.9,./diamond-details/LD08035456,/api/public/loose-diamond/diamond-details/panel?country=USA&currency=USD&language=en-us&productSet=BN&sku=LD08035456,None,False,1.01,Excellent,2811,"$5,622",RD,Call,Call,[u'LD08035456'],Very Good,62.0
105,0.71,VS1,G,None,Ideal,Jul 12,Jul 13,62.8,./diamond-details/LD08302358,/api/public/loose-diamond/diamond-details/panel?country=USA&currency=USD&language=en-us&productSet=BN&sku=LD08302358,Faint,False,1.01,Excellent,2811,"$3,959",RD,Call,Call,[u'LD08302358'],Excellent,58.0
106,0.55,IF,D,None,Ideal,Jul 13,Jul 14,59.1,./diamond-details/LD08335988,/api/public/loose-diamond/diamond-details/panel?country=USA&currency=USD&language=en-us&productSet=BN&sku=LD08335988,Faint,False,1.01,Excellent,2811,"$5,111",RD,Call,Call,[u'LD08335988'],Excellent,60.0
107,0.80,SI1,H,None,Ideal,Jul 12,Jul 13,61.4,./diamond-details/LD08488520,/api/public/loose-diamond/diamond-details/panel?country=USA&currency=USD&language=en-us&productSet=BN&sku=LD08488520,None,True,1.01,Excellent,2811,"$3,514",RD,Call,Call,[u'LD08488520'],Excellent,57.0
108,0.50,IF,D,None,Very Good,Jul 12,Jul 13,61.9,./diamond-details/LD08806202,/api/public/loose-diamond/diamond-details/panel?country=USA&currency=USD&language=en-us&productSet=BN&sku=LD08806202,None,False,1.01,Excellent,2811,"$5,622",RD,Call,Call,[u'LD08806202'],Very Good,62.0
109,0.72,IF,I,None,Ideal,Jul 10,Jul 11,62.7,./diamond-details/LD08857165,/api/public/loose-diamond/diamond-details/panel?country=USA&currency=USD&language=en-us&productSet=BN&sku=LD08857165,None,False,1.01,Excellent,2811,"$3,904",RD,Call,Call,[u'LD08857165'],Excellent,57.0
110,0.70,VS1,G,None,Ideal,Jul 12,Jul 13,62.0,./diamond-details/LD08865233,/api/public/loose-diamond/diamond-details/panel?country=USA&currency=USD&language=en-us&productSet=BN&sku=LD08865233,None,False,1.01,Excellent,2811,"$4,016",RD,Call,Call,[u'LD08865233'],Excellent,60.0
111,0.72,IF,H,None,Ideal,Jul 12,Jul 13,62.8,./diamond-details/LD07875917,/api/public/loose-diamond/diamond-details/panel?country=USA&currency=USD&language=en-us&productSet=BN&sku=LD07875917,None,False,1.01,Excellent,2812,"$3,906",RD,Call,Call,[u'LD07875917'],Excellent,58.0
112,0.70,VVS2,F,None,Very Good,Jul 10,Jul 11,64.7,./diamond-details/LD07938363,/api/public/loose-diamond/diamond-details/panel?country=USA&currency=USD&language=en-us&productSet=BN&sku=LD07938363,None,False,1.02,Very Good,2812,"$4,017",RD,Call,Call,[u'LD07938363'],Very Good,56.0
113,0.70,IF,G,None,Very Good,Jul 12,Jul 13,62.3,./diamond-details/LD07957708,/api/public/loose-diamond/diamond-details/panel?country=USA&currency=USD&language=en-us&productSet=BN&sku=LD07957708,None,False,1.01,Excellent,2812,"$4,017",RD,Call,Call,[u'LD07957708'],Excellent,59.0
114,0.70,IF,G,None,Very Good,Jul 12,Jul 13,63.1,./diamond-details/LD07957714,/api/public/loose-diamond/diamond-details/panel?country=USA&currency=USD&language=en-us&productSet=BN&sku=LD07957714,None,False,1.01,Very Good,2812,"$4,017",RD,Call,Call,[u'LD07957714'],Very Good,59.0
115,0.72,IF,H,None,Ideal,Jul 12,Jul 13,62.8,./diamond-details/LD08083494,/api/public/loose-diamond/diamond-details/panel?country=USA&currency=USD&language=en-us&productSet=BN&sku=LD08083494,None,False,1.01,Excellent,2812,"$3,906",RD,Call,Call,[u'LD08083494'],Excellent,56.0
116,0.70,VS1,G,None,Ideal,Jul 13,Jul 14,61.4,./diamond-details/LD08119006,/api/public/loose-diamond/diamond-details/panel?country=USA&currency=USD&language=en-us&productSet=BN&sku=LD08119006,None,False,1.01,Excellent,2812,"$4,017",RD,Call,Call,[u'LD08119006'],Excellent,61.0
117,0.75,SI1,E,None,Ideal,Jul 12,Jul 13,62.2,./diamond-details/LD08125851,/api/public/loose-diamond/diamond-details/panel?country=USA&currency=USD&language=en-us&productSet=BN&sku=LD08125851,None,False,1.00,Excellent,2812,"$3,749",RD,Call,Call,[u'LD08125851'],Excellent,56.0
118,0.70,IF,H,None,Ideal,Jul 12,Jul 13,62.8,./diamond-details/LD08244113,/api/public/loose-diamond/diamond-details/panel?country=USA&currency=USD&language=en-us&productSet=BN&sku=LD08244113,None,True,1.01,Excellent,2812,"$4,017",RD,Call,Call,[u'LD08244113'],Excellent,58.0
119,0.70,VS1,E,None,Ideal,Jul 12,Jul 13,62.4,./diamond-details/LD08338306,/api/public/loose-diamond/diamond-details/panel?country=USA&currency=USD&language=en-us&productSet=BN&sku=LD08338306,Medium,True,1.01,Excellent,2812,"$4,017",RD,Call,Call,[u'LD08338306'],Excellent,56.0
120,0.72,IF,H,None,Ideal,Jul 12,Jul 13,59.0,./diamond-details/LD08390774,/api/public/loose-diamond/diamond-details/panel?country=USA&currency=USD&language=en-us&productSet=BN&sku=LD08390774,None,False,1.01,Excellent,2812,"$3,906",RD,Call,Call,[u'LD08390774'],Excellent,59.0
121,0.70,VS1,H,None,Ideal,Jul 12,Jul 13,62.8,./diamond-details/LD08509197,/api/public/loose-diamond/diamond-details/panel?country=USA&currency=USD&language=en-us&productSet=BN&sku=LD08509197,Faint,False,1.01,Excellent,2812,"$4,017",RD,Call,Call,[u'LD08509197'],Excellent,55.0
122,0.72,VS1,H,None,Ideal,Jul 12,Jul 13,62.3,./diamond-details/LD08661882,/api/public/loose-diamond/diamond-details/panel?country=USA&currency=USD&language=en-us&productSet=BN&sku=LD08661882,None,True,1.01,Excellent,2812,"$3,906",RD,Call,Call,[u'LD08661882'],Excellent,59.0
123,0.70,VS1,D,None,Very Good,Jul 10,Jul 11,63.8,./diamond-details/LD08737815,/api/public/loose-diamond/diamond-details/panel?country=USA&currency=USD&language=en-us&productSet=BN&sku=LD08737815,None,False,1.00,Excellent,2812,"$4,017",RD,Call,Call,[u'LD08737815'],Excellent,56.0
124,0.73,VS1,F,None,Ideal,Jul 10,Jul 11,63.1,./diamond-details/LD08817837,/api/public/loose-diamond/diamond-details/panel?country=USA&currency=USD&language=en-us&productSet=BN&sku=LD08817837,Strong,False,1.01,Excellent,2812,"$3,852",RD,Call,Call,[u'LD08817837'],Excellent,57.0
125,0.70,VS2,D,None,Ideal,Jul 12,Jul 13,63.0,./diamond-details/LD08868603,/api/public/loose-diamond/diamond-details/panel?country=USA&currency=USD&language=en-us&productSet=BN&sku=LD08868603,Strong,False,1.01,Excellent,2812,"$4,017",RD,Call,Call,[u'LD08868603'],Excellent,56.0
126,0.80,SI1,H,None,Ideal,Jul 12,Jul 13,62.8,./diamond-details/LD08876838,/api/public/loose-diamond/diamond-details/panel?country=USA&currency=USD&language=en-us&productSet=BN&sku=LD08876838,None,False,1.01,Excellent,2812,"$3,515",RD,Call,Call,[u'LD08876838'],Excellent,56.0
127,0.70,VS2,G,None,Ideal,Jul 13,Jul 14,60.8,./diamond-details/LD08955134,/api/public/loose-diamond/diamond-details/panel?country=USA&currency=USD&language=en-us&productSet=BN&sku=LD08955134,None,False,1.01,Excellent,2812,"$4,017",RD,Call,Call,[u'LD08955134'],Excellent,60.0
128,0.71,VVS2,H,None,Ideal,Jul 12,Jul 13,62.2,./diamond-details/LD08399268,/api/public/loose-diamond/diamond-details/panel?country=USA&currency=USD&language=en-us&productSet=BN&sku=LD08399268,None,False,1.00,Excellent,2813,"$3,962",RD,Call,Call,[u'LD08399268'],Excellent,57.0
129,0.70,VVS2,E,None,Very Good,Jul 10,Jul 11,64.6,./diamond-details/LD08541723,/api/public/loose-diamond/diamond-details/panel?country=USA&currency=USD&language=en-us&productSet=BN&sku=LD08541723,Medium,False,1.01,Very Good,2813,"$4,019",RD,Call,Call,[u'LD08541723'],Very Good,54.0
130,0.72,IF,I,None,Ideal,Jul 12,Jul 13,62.9,./diamond-details/LD08550230,/api/public/loose-diamond/diamond-details/panel?country=USA&currency=USD&language=en-us&productSet=BN&sku=LD08550230,None,False,1.01,Excellent,2813,"$3,907",RD,Call,Call,[u'LD08550230'],Excellent,57.0
131,0.81,IF,J,None,Ideal,Jul 12,Jul 13,61.2,./diamond-details/LD08658908,/api/public/loose-diamond/diamond-details/panel?country=USA&currency=USD&language=en-us&productSet=BN&sku=LD08658908,None,False,1.01,Excellent,2813,"$3,473",RD,Call,Call,[u'LD08658908'],Excellent,56.0
132,0.71,VS1,F,None,Very Good,Jul 12,Jul 13,64.1,./diamond-details/LD08779597,/api/public/loose-diamond/diamond-details/panel?country=USA&currency=USD&language=en-us&productSet=BN&sku=LD08779597,None,False,1.01,Excellent,2813,"$3,962",RD,Call,Call,[u'LD08779597'],Excellent,57.0
133,0.56,VVS1,D,None,Ideal,Jul 12,Jul 13,62.7,./diamond-details/LD08873726,/api/public/loose-diamond/diamond-details/panel?country=USA&currency=USD&language=en-us&productSet=BN&sku=LD08873726,None,False,1.01,Excellent,2813,"$5,023",RD,Call,Call,[u'LD08873726'],Excellent,57.0
134,0.70,VS1,F,None,Very Good,Jul 12,Jul 13,64.5,./diamond-details/LD08875973,/api/public/loose-diamond/diamond-details/panel?country=USA&currency=USD&language=en-us&productSet=BN&sku=LD08875973,Faint,True,1.01,Excellent,2813,"$4,019",RD,Call,Call,[u'LD08875973'],Excellent,56.0
135,0.55,VVS1,D,None,Ideal,Jul 12,Jul 13,62.3,./diamond-details/LD08926544,/api/public/loose-diamond/diamond-details/panel?country=USA&currency=USD&language=en-us&productSet=BN&sku=LD08926544,None,False,1.01,Excellent,2813,"$5,115",RD,Call,Call,[u'LD08926544'],Excellent,56.0
136,0.80,VS1,I,None,Ideal,Jul 6,Jul 7,62.7,./diamond-details/LD07436414,/api/public/loose-diamond/diamond-details/panel?country=USA&currency=USD&language=en-us&productSet=BN&sku=LD07436414,None,False,1.01,Excellent,2814,"$3,518",RD,Call,Call,[u'LD07436414'],Excellent,57.0
137,0.74,SI1,E,None,Ideal,Jul 10,Jul 11,62.5,./diamond-details/LD08363616,/api/public/loose-diamond/diamond-details/panel?country=USA&currency=USD&language=en-us&productSet=BN&sku=LD08363616,None,False,1.01,Excellent,2814,"$3,803",RD,Call,Call,[u'LD08363616'],Excellent,57.0
138,0.80,VS2,I,None,Ideal,Jul 6,Jul 7,62.4,./diamond-details/LD08397318,/api/public/loose-diamond/diamond-details/panel?country=USA&currency=USD&language=en-us&productSet=BN&sku=LD08397318,None,False,1.01,Excellent,2814,"$3,518",RD,Call,Call,[u'LD08397318'],Excellent,59.0
139,0.80,VS2,I,None,Ideal,Jul 6,Jul 7,62.9,./diamond-details/LD08397319,/api/public/loose-diamond/diamond-details/panel?country=USA&currency=USD&language=en-us&productSet=BN&sku=LD08397319,None,False,1.01,Excellent,2814,"$3,518",RD,Call,Call,[u'LD08397319'],Excellent,56.0
140,0.80,VS1,I,None,Ideal,Jul 12,Jul 13,62.3,./diamond-details/LD08421428,/api/public/loose-diamond/diamond-details/panel?country=USA&currency=USD&language=en-us&productSet=BN&sku=LD08421428,None,False,1.00,Excellent,2814,"$3,518",RD,Call,Call,[u'LD08421428'],Excellent,57.0
141,0.80,VS1,I,None,Ideal,Jul 12,Jul 13,62.2,./diamond-details/LD08429146,/api/public/loose-diamond/diamond-details/panel?country=USA&currency=USD&language=en-us&productSet=BN&sku=LD08429146,None,False,1.00,Excellent,2814,"$3,518",RD,Call,Call,[u'LD08429146'],Excellent,57.0
142,0.65,VS1,F,None,Ideal,Jul 7,Jul 10,61.9,./diamond-details/LD08566896,/api/public/loose-diamond/diamond-details/panel?country=USA&currency=USD&language=en-us&productSet=BN&sku=LD08566896,Faint Blue,False,1.01,Excellent,2814,"$4,329",RD,Call,Call,[u'LD08566896'],Excellent,56.0
143,0.70,VS1,D,None,Ideal,Jul 13,Jul 14,62.4,./diamond-details/LD08616720,/api/public/loose-diamond/diamond-details/panel?country=USA&currency=USD&language=en-us&productSet=BN&sku=LD08616720,Medium,True,1.01,Excellent,2814,"$4,020",RD,Call,Call,[u'LD08616720'],Very Good,55.0
144,0.73,SI1,D,None,Ideal,Jul 18,Jul 19,62.2,./diamond-details/LD08743973,/api/public/loose-diamond/diamond-details/panel?country=USA&currency=USD&language=en-us&productSet=BN&sku=LD08743973,None,True,1.01,Excellent,2814,"$3,855",RD,Call,Call,[u'LD08743973'],Excellent,58.0
145,0.71,IF,H,None,Very Good,Jul 12,Jul 13,63.6,./diamond-details/LD08802435,/api/public/loose-diamond/diamond-details/panel?country=USA&currency=USD&language=en-us&productSet=BN&sku=LD08802435,None,False,1.01,Excellent,2814,"$3,963",RD,Call,Call,[u'LD08802435'],Very Good,59.0
146,0.90,VS2,I,None,Good,Jul 12,Jul 13,66.4,./diamond-details/LD08838843,/api/public/loose-diamond/diamond-details/panel?country=USA&currency=USD&language=en-us&productSet=BN&sku=LD08838843,None,False,1.01,Excellent,2814,"$3,127",RD,Call,Call,[u'LD08838843'],Excellent,56.0
147,0.70,VS2,G,None,Ideal,Jul 10,Jul 11,62.3,./diamond-details/LD08907658,/api/public/loose-diamond/diamond-details/panel?country=USA&currency=USD&language=en-us&productSet=BN&sku=LD08907658,None,False,1.01,Excellent,2814,"$4,020",RD,Call,Call,[u'LD08907658'],Excellent,57.0
148,0.70,VS2,G,None,Ideal,Jul 10,Jul 11,63.1,./diamond-details/LD08918644,/api/public/loose-diamond/diamond-details/panel?country=USA&currency=USD&language=en-us&productSet=BN&sku=LD08918644,None,True,1.00,Excellent,2814,"$4,020",RD,Call,Call,[u'LD08918644'],Excellent,56.0
149,0.81,SI1,H,Very Small,Very Good,Jul 6,Jul 7,62.7,./diamond-details/LD08949003,/api/public/loose-diamond/diamond-details/panel?country=USA&currency=USD&language=en-us&productSet=BN&sku=LD08949003,None,False,1.01,Very Good,2814,"$3,474",RD,Call,Call,[u'LD08949003'],Very Good,59.0
150,0.81,SI1,H,None,Ideal,Jul 6,Jul 7,59.7,./diamond-details/LD08968300,/api/public/loose-diamond/diamond-details/panel?country=USA&currency=USD&language=en-us&productSet=BN&sku=LD08968300,None,False,1.00,Excellent,2814,"$3,474",RD,Call,Call,[u'LD08968300'],Excellent,59.0
151,0.70,VVS2,D,None,Very Good,Jul 12,Jul 13,63.7,./diamond-details/LD06311217,/api/public/loose-diamond/diamond-details/panel?country=USA&currency=USD&language=en-us&productSet=BN&sku=LD06311217,None,False,1.01,Very Good,2815,"$4,021",RD,Call,Call,[u'LD06311217'],Very Good,58.0
152,0.70,VVS2,D,None,Very Good,Jul 10,Jul 11,63.7,./diamond-details/LD07144453,/api/public/loose-diamond/diamond-details/panel?country=USA&currency=USD&language=en-us&productSet=BN&sku=LD07144453,None,False,1.01,Excellent,2815,"$4,021",RD,Call,Call,[u'LD07144453'],Excellent,58.0
153,0.72,VS1,H,None,Very Good,Jul 7,Jul 10,60.1,./diamond-details/LD07787919,/api/public/loose-diamond/diamond-details/panel?country=USA&currency=USD&language=en-us&productSet=BN&sku=LD07787919,Faint Blue,False,1.01,Very Good,2815,"$3,910",RD,Call,Call,[u'LD07787919'],Very Good,62.0
154,0.71,VS2,D,None,Very Good,Jul 12,Jul 13,64.2,./diamond-details/LD08201966,/api/public/loose-diamond/diamond-details/panel?country=USA&currency=USD&language=en-us&productSet=BN&sku=LD08201966,None,False,1.01,Excellent,2815,"$3,965",RD,Call,Call,[u'LD08201966'],Very Good,58.0
155,0.70,VS2,F,None,Ideal,Jul 12,Jul 13,62.1,./diamond-details/LD08256411,/api/public/loose-diamond/diamond-details/panel?country=USA&currency=USD&language=en-us&productSet=BN&sku=LD08256411,None,False,1.01,Excellent,2815,"$4,021",RD,Call,Call,[u'LD08256411'],Very Good,55.0
156,0.70,VVS2,D,None,Very Good,Jul 10,Jul 11,63.8,./diamond-details/LD08529997,/api/public/loose-diamond/diamond-details/panel?country=USA&currency=USD&language=en-us&productSet=BN&sku=LD08529997,None,False,1.01,Very Good,2815,"$4,021",RD,Call,Call,[u'LD08529997'],Very Good,57.0
157,0.70,VS2,G,None,Ideal,Jul 12,Jul 13,62.6,./diamond-details/LD08538489,/api/public/loose-diamond/diamond-details/panel?country=USA&currency=USD&language=en-us&productSet=BN&sku=LD08538489,None,False,1.01,Excellent,2815,"$4,021",RD,Call,Call,[u'LD08538489'],Excellent,56.0
158,0.70,VVS2,H,None,Ideal,Jul 12,Jul 13,63.0,./diamond-details/LD08649632,/api/public/loose-diamond/diamond-details/panel?country=USA&currency=USD&language=en-us&productSet=BN&sku=LD08649632,None,False,1.01,Excellent,2815,"$4,021",RD,Call,Call,[u'LD08649632'],Excellent,58.0
159,0.80,VS2,I,None,Ideal,Jul 12,Jul 13,62.6,./diamond-details/LD08667884,/api/public/loose-diamond/diamond-details/panel?country=USA&currency=USD&language=en-us&productSet=BN&sku=LD08667884,None,False,1.01,Excellent,2815,"$3,519",RD,Call,Call,[u'LD08667884'],Excellent,55.0
160,0.71,SI1,D,None,Ideal,Jul 12,Jul 13,62.3,./diamond-details/LD08787839,/api/public/loose-diamond/diamond-details/panel?country=USA&currency=USD&language=en-us&productSet=BN&sku=LD08787839,Faint,False,1.01,Excellent,2815,"$3,965",RD,Call,Call,[u'LD08787839'],Excellent,56.0
161,0.70,VVS2,H,None,Ideal,Jul 12,Jul 13,62.6,./diamond-details/LD08810355,/api/public/loose-diamond/diamond-details/panel?country=USA&currency=USD&language=en-us&productSet=BN&sku=LD08810355,None,False,1.01,Excellent,2815,"$4,021",RD,Call,Call,[u'LD08810355'],Very Good,57.0
162,0.74,VS2,G,None,Ideal,Jul 10,Jul 11,62.6,./diamond-details/LD08940337,/api/public/loose-diamond/diamond-details/panel?country=USA&currency=USD&language=en-us&productSet=BN&sku=LD08940337,None,False,1.01,Excellent,2815,"$3,804",RD,Call,Call,[u'LD08940337'],Excellent,58.0
163,0.80,SI2,D,None,Ideal,Jul 12,Jul 13,62.5,./diamond-details/LD04346429,/api/public/loose-diamond/diamond-details/panel?country=USA&currency=USD&language=en-us&productSet=BN&sku=LD04346429,None,False,1.01,Excellent,2816,"$3,520",RD,Call,Call,[u'LD04346429'],Very Good,54.0
164,0.70,VVS2,E,None,Very Good,Jul 12,Jul 13,64.1,./diamond-details/LD07489038,/api/public/loose-diamond/diamond-details/panel?country=USA&currency=USD&language=en-us&productSet=BN&sku=LD07489038,Faint,False,1.01,Very Good,2816,"$4,023",RD,Call,Call,[u'LD07489038'],Very Good,60.0
165,0.73,VS1,H,None,Ideal,Jul 12,Jul 13,61.6,./diamond-details/LD08149302,/api/public/loose-diamond/diamond-details/panel?country=USA&currency=USD&language=en-us&productSet=BN&sku=LD08149302,None,False,1.01,Excellent,2816,"$3,858",RD,Call,Call,[u'LD08149302'],Excellent,59.0
166,0.70,VS1,E,None,Ideal,Jul 5,Jul 6,61.7,./diamond-details/LD08238482,/api/public/loose-diamond/diamond-details/panel?country=USA&currency=USD&language=en-us&productSet=BN&sku=LD08238482,Medium,True,1.01,Excellent,2816,"$4,023",RD,Call,Call,[u'LD08238482'],Excellent,61.0
167,0.70,VVS1,H,None,Ideal,Jul 12,Jul 13,60.4,./diamond-details/LD08261147,/api/public/loose-diamond/diamond-details/panel?country=USA&currency=USD&language=en-us&productSet=BN&sku=LD08261147,None,False,1.01,Excellent,2816,"$4,023",RD,Call,Call,[u'LD08261147'],Excellent,60.0
168,0.84,SI1,I,None,Ideal,Jul 13,Jul 14,62.6,./diamond-details/LD08862074,/api/public/loose-diamond/diamond-details/panel?country=USA&currency=USD&language=en-us&productSet=BN&sku=LD08862074,None,True,1.01,Excellent,2816,"$3,352",RD,Call,Call,[u'LD08862074'],Excellent,57.0
169,0.70,SI1,D,None,Very Good,Jul 6,Jul 7,60.1,./diamond-details/LD06285388,/api/public/loose-diamond/diamond-details/panel?country=USA&currency=USD&language=en-us&productSet=BN&sku=LD06285388,None,False,1.01,Very Good,2817,"$4,024",RD,Call,Call,[u'LD06285388'],Excellent,61.0
170,0.70,VS1,H,None,Ideal,Jul 6,Jul 7,60.1,./diamond-details/LD07865192,/api/public/loose-diamond/diamond-details/panel?country=USA&currency=USD&language=en-us&productSet=BN&sku=LD07865192,None,True,1.00,Excellent,2817,"$4,024",RD,Call,Call,[u'LD07865192'],Excellent,58.0
171,0.85,VS2,I,None,Very Good,Jul 18,Jul 19,64.6,./diamond-details/LD07972106,/api/public/loose-diamond/diamond-details/panel?country=USA&currency=USD&language=en-us&productSet=BN&sku=LD07972106,None,True,1.00,Very Good,2817,"$3,314",RD,Call,Call,[u'LD07972106'],Very Good,58.0
172,0.70,VVS1,H,None,Ideal,Jul 12,Jul 13,62.9,./diamond-details/LD08225216,/api/public/loose-diamond/diamond-details/panel?country=USA&currency=USD&language=en-us&productSet=BN&sku=LD08225216,None,False,1.01,Excellent,2817,"$4,024",RD,Call,Call,[u'LD08225216'],Very Good,58.0
173,0.53,IF,D,None,Ideal,Jul 12,Jul 13,61.6,./diamond-details/LD08434410,/api/public/loose-diamond/diamond-details/panel?country=USA&currency=USD&language=en-us&productSet=BN&sku=LD08434410,Faint,False,1.01,Excellent,2817,"$5,315",RD,Call,Call,[u'LD08434410'],Excellent,60.0
174,0.70,VVS2,G,None,Very Good,Jul 12,Jul 13,64.1,./diamond-details/LD08785635,/api/public/loose-diamond/diamond-details/panel?country=USA&currency=USD&language=en-us&productSet=BN&sku=LD08785635,None,True,1.01,Excellent,2817,"$4,024",RD,Call,Call,[u'LD08785635'],Very Good,55.0
175,0.71,VS2,E,None,Ideal,Jul 6,Jul 7,62.4,./diamond-details/LD08856825,/api/public/loose-diamond/diamond-details/panel?country=USA&currency=USD&language=en-us&productSet=BN&sku=LD08856825,Faint Blue,False,1.01,Excellent,2817,"$3,968",RD,Call,Call,[u'LD08856825'],Excellent,58.0
176,0.70,VS2,G,None,Ideal,Jul 12,Jul 13,62.8,./diamond-details/LD08934562,/api/public/loose-diamond/diamond-details/panel?country=USA&currency=USD&language=en-us&productSet=BN&sku=LD08934562,None,True,1.01,Excellent,2817,"$4,024",RD,Call,Call,[u'LD08934562'],Excellent,56.0
177,0.61,VVS2,D,None,Ideal,Jul 12,Jul 13,62.5,./diamond-details/LD08942966,/api/public/loose-diamond/diamond-details/panel?country=USA&currency=USD&language=en-us&productSet=BN&sku=LD08942966,None,False,1.01,Excellent,2817,"$4,618",RD,Call,Call,[u'LD08942966'],Excellent,56.0
178,0.71,VS2,F,None,Very Good,Jul 6,Jul 7,61.4,./diamond-details/LD02214387,/api/public/loose-diamond/diamond-details/panel?country=USA&currency=USD&language=en-us&productSet=BN&sku=LD02214387,None,False,1.01,Good,2818,"$3,969",RD,Call,Call,[u'LD02214387'],Good,58.0
179,0.70,SI1,F,None,Signature Ideal,Jul 5,Jul 5,61.3,./diamond-details/LD07521607,/api/public/loose-diamond/diamond-details/panel?country=USA&currency=USD&language=en-us&productSet=BN&sku=LD07521607,None,True,1.00,Excellent,2818,"$4,026",RD,Call,Call,[u'LD07521607'],Excellent,57.0
180,0.71,VS2,E,None,Ideal,Jul 12,Jul 13,62.0,./diamond-details/LD07690399,/api/public/loose-diamond/diamond-details/panel?country=USA&currency=USD&language=en-us&productSet=BN&sku=LD07690399,Strong,False,1.01,Excellent,2818,"$3,969",RD,Call,Call,[u'LD07690399'],Excellent,54.0
181,0.51,IF,D,None,Ideal,Jul 12,Jul 13,62.7,./diamond-details/LD08128942,/api/public/loose-diamond/diamond-details/panel?country=USA&currency=USD&language=en-us&productSet=BN&sku=LD08128942,Faint,True,1.01,Excellent,2818,"$5,525",RD,Call,Call,[u'LD08128942'],Excellent,58.0
182,0.71,VVS2,H,None,Ideal,Jul 12,Jul 13,60.4,./diamond-details/LD08658869,/api/public/loose-diamond/diamond-details/panel?country=USA&currency=USD&language=en-us&productSet=BN&sku=LD08658869,None,True,1.01,Excellent,2818,"$3,969",RD,Call,Call,[u'LD08658869'],Excellent,61.0
183,0.71,VS2,E,None,Ideal,Jul 12,Jul 13,60.8,./diamond-details/LD08664397,/api/public/loose-diamond/diamond-details/panel?country=USA&currency=USD&language=en-us&productSet=BN&sku=LD08664397,Strong,False,1.00,Excellent,2818,"$3,969",RD,Call,Call,[u'LD08664397'],Excellent,59.0
184,0.72,VVS2,G,None,Ideal,Jul 12,Jul 13,62.5,./diamond-details/LD08692397,/api/public/loose-diamond/diamond-details/panel?country=USA&currency=USD&language=en-us&productSet=BN&sku=LD08692397,Strong,False,1.01,Excellent,2818,"$3,914",RD,Call,Call,[u'LD08692397'],Excellent,57.0
185,0.80,VS1,I,None,Ideal,Jul 10,Jul 11,62.9,./diamond-details/LD08708458,/api/public/loose-diamond/diamond-details/panel?country=USA&currency=USD&language=en-us&productSet=BN&sku=LD08708458,None,False,1.00,Excellent,2818,"$3,522",RD,Call,Call,[u'LD08708458'],Excellent,57.0
186,0.70,VVS2,F,None,Very Good,Jul 12,Jul 13,64.4,./diamond-details/LD08753404,/api/public/loose-diamond/diamond-details/panel?country=USA&currency=USD&language=en-us&productSet=BN&sku=LD08753404,Medium,False,1.01,Excellent,2818,"$4,026",RD,Call,Call,[u'LD08753404'],Excellent,57.0
187,0.74,SI1,F,None,Ideal,Jul 10,Jul 11,62.3,./diamond-details/LD08857169,/api/public/loose-diamond/diamond-details/panel?country=USA&currency=USD&language=en-us&productSet=BN&sku=LD08857169,None,False,1.01,Excellent,2818,"$3,808",RD,Call,Call,[u'LD08857169'],Excellent,56.0
188,0.70,VVS1,H,None,Ideal,Jul 10,Jul 11,61.6,./diamond-details/LD08858418,/api/public/loose-diamond/diamond-details/panel?country=USA&currency=USD&language=en-us&productSet=BN&sku=LD08858418,None,False,1.01,Excellent,2818,"$4,026",RD,Call,Call,[u'LD08858418'],Excellent,57.0
189,0.70,VVS1,H,None,Ideal,Jul 10,Jul 11,62.9,./diamond-details/LD08859448,/api/public/loose-diamond/diamond-details/panel?country=USA&currency=USD&language=en-us&productSet=BN&sku=LD08859448,None,False,1.01,Excellent,2818,"$4,026",RD,Call,Call,[u'LD08859448'],Excellent,57.0
190,0.70,VVS1,H,None,Ideal,Jul 10,Jul 11,62.8,./diamond-details/LD08860541,/api/public/loose-diamond/diamond-details/panel?country=USA&currency=USD&language=en-us&productSet=BN&sku=LD08860541,None,False,1.01,Excellent,2818,"$4,026",RD,Call,Call,[u'LD08860541'],Excellent,56.0
191,0.80,VS1,E,None,Good,Jul 18,Jul 19,66.0,./diamond-details/LD05437817,/api/public/loose-diamond/diamond-details/panel?country=USA&currency=USD&language=en-us&productSet=BN&sku=LD05437817,Medium,True,1.00,Very Good,2819,"$3,524",RD,Call,Call,[u'LD05437817'],Excellent,62.0
192,0.70,VS1,F,None,Ideal,Jul 12,Jul 13,63.1,./diamond-details/LD07695433,/api/public/loose-diamond/diamond-details/panel?country=USA&currency=USD&language=en-us&productSet=BN&sku=LD07695433,Faint,True,1.01,Excellent,2819,"$4,027",RD,Call,Call,[u'LD07695433'],Excellent,55.0
193,0.75,VVS1,H,None,Ideal,Jul 12,Jul 13,59.7,./diamond-details/LD07872906,/api/public/loose-diamond/diamond-details/panel?country=USA&currency=USD&language=en-us&productSet=BN&sku=LD07872906,Faint,False,1.01,Excellent,2819,"$3,759",RD,Call,Call,[u'LD07872906'],Excellent,61.0
194,0.85,SI2,F,None,Ideal,Jul 12,Jul 13,61.4,./diamond-details/LD08909166,/api/public/loose-diamond/diamond-details/panel?country=USA&currency=USD&language=en-us&productSet=BN&sku=LD08909166,None,True,1.00,Excellent,2819,"$3,316",RD,Call,Call,[u'LD08909166'],Excellent,56.0
195,0.71,VS2,F,None,Ideal,Jul 12,Jul 13,62.4,./diamond-details/LD08962122,/api/public/loose-diamond/diamond-details/panel?country=USA&currency=USD&language=en-us&productSet=BN&sku=LD08962122,Faint,True,1.01,Excellent,2819,"$3,970",RD,Call,Call,[u'LD08962122'],Excellent,56.0
196,0.71,VVS2,H,None,Ideal,Jul 12,Jul 13,60.0,./diamond-details/LD08111597,/api/public/loose-diamond/diamond-details/panel?country=USA&currency=USD&language=en-us&productSet=BN&sku=LD08111597,None,True,1.01,Excellent,2820,"$3,972",RD,Call,Call,[u'LD08111597'],Excellent,58.0
197,0.70,VVS1,G,None,Very Good,Jul 10,Jul 11,63.8,./diamond-details/LD08380600,/api/public/loose-diamond/diamond-details/panel?country=USA&currency=USD&language=en-us&productSet=BN&sku=LD08380600,Faint,True,1.01,Very Good,2820,"$4,029",RD,Call,Call,[u'LD08380600'],Very Good,62.0
198,0.70,VS2,G,None,Ideal,Jul 12,Jul 13,62.6,./diamond-details/LD08415376,/api/public/loose-diamond/diamond-details/panel?country=USA&currency=USD&language=en-us&productSet=BN&sku=LD08415376,None,False,1.01,Excellent,2820,"$4,029",RD,Call,Call,[u'LD08415376'],Excellent,57.0
199,0.70,VS2,G,None,Ideal,Jul 12,Jul 13,62.2,./diamond-details/LD08608820,/api/public/loose-diamond/diamond-details/panel?country=USA&currency=USD&language=en-us&productSet=BN&sku=LD08608820,None,False,1.00,Excellent,2820,"$4,029",RD,Call,Call,[u'LD08608820'],Excellent,55.0
200,0.71,VVS1,H,None,Ideal,Jul 12,Jul 13,61.9,./diamond-details/LD08631625,/api/public/loose-diamond/diamond-details/panel?country=USA&currency=USD&language=en-us&productSet=BN&sku=LD08631625,None,False,1.00,Excellent,2820,"$3,972",RD,Call,Call,[u'LD08631625'],Excellent,58.0
201,0.61,VVS1,E,None,Ideal,Jul 12,Jul 13,63.2,./diamond-details/LD08656164,/api/public/loose-diamond/diamond-details/panel?country=USA&currency=USD&language=en-us&productSet=BN&sku=LD08656164,None,True,1.01,Excellent,2820,"$4,623",RD,Call,Call,[u'LD08656164'],Excellent,57.0
202,0.90,SI1,I,None,Good,Jul 12,Jul 13,64.8,./diamond-details/LD08744069,/api/public/loose-diamond/diamond-details/panel?country=USA&currency=USD&language=en-us&productSet=BN&sku=LD08744069,Medium,False,1.02,Excellent,2820,"$3,133",RD,Call,Call,[u'LD08744069'],Very Good,57.0
203,0.70,VS1,F,None,Very Good,Jul 12,Jul 13,64.6,./diamond-details/LD08830905,/api/public/loose-diamond/diamond-details/panel?country=USA&currency=USD&language=en-us&productSet=BN&sku=LD08830905,None,False,1.01,Excellent,2820,"$4,029",RD,Call,Call,[u'LD08830905'],Excellent,58.0
204,0.70,VS1,F,None,Very Good,Jul 12,Jul 13,64.5,./diamond-details/LD08861298,/api/public/loose-diamond/diamond-details/panel?country=USA&currency=USD&language=en-us&productSet=BN&sku=LD08861298,None,False,1.01,Excellent,2820,"$4,029",RD,Call,Call,[u'LD08861298'],Excellent,59.0
205,0.80,SI2,D,None,Ideal,Jul 12,Jul 13,62.7,./diamond-details/LD08882331,/api/public/loose-diamond/diamond-details/panel?country=USA&currency=USD&language=en-us&productSet=BN&sku=LD08882331,None,True,1.01,Excellent,2820,"$3,525",RD,Call,Call,[u'LD08882331'],Very Good,56.0
206,0.90,SI2,J,None,Ideal,Jul 12,Jul 13,62.5,./diamond-details/LD08941650,/api/public/loose-diamond/diamond-details/panel?country=USA&currency=USD&language=en-us&productSet=BN&sku=LD08941650,None,False,1.01,Excellent,2820,"$3,133",RD,Call,Call,[u'LD08941650'],Very Good,57.0
207,0.71,SI1,G,None,Ideal,Jul 12,Jul 13,60.6,./diamond-details/LD06794713,/api/public/loose-diamond/diamond-details/panel?country=USA&currency=USD&language=en-us&productSet=BN&sku=LD06794713,None,False,1.01,Excellent,2821,"$3,973",RD,Call,Call,[u'LD06794713'],Excellent,61.0
208,0.70,VS1,G,None,Ideal,Jul 12,Jul 13,60.1,./diamond-details/LD07251465,/api/public/loose-diamond/diamond-details/panel?country=USA&currency=USD&language=en-us&productSet=BN&sku=LD07251465,Faint,False,1.00,Excellent,2821,"$4,030",RD,Call,Call,[u'LD07251465'],Excellent,62.0
209,0.70,VS2,F,None,Ideal,Jul 12,Jul 13,63.6,./diamond-details/LD08634683,/api/public/loose-diamond/diamond-details/panel?country=USA&currency=USD&language=en-us&productSet=BN&sku=LD08634683,None,False,1.01,Very Good,2821,"$4,030",RD,Call,Call,[u'LD08634683'],Very Good,56.0
210,0.70,VS1,G,None,Very Good,Jul 12,Jul 13,63.9,./diamond-details/LD06053134,/api/public/loose-diamond/diamond-details/panel?country=USA&currency=USD&language=en-us&productSet=BN&sku=LD06053134,Faint,False,1.01,Excellent,2822,"$4,031",RD,Call,Call,[u'LD06053134'],Very Good,57.0
211,0.71,VS2,F,None,Very Good,Jul 12,Jul 13,62.9,./diamond-details/LD06212026,/api/public/loose-diamond/diamond-details/panel?country=USA&currency=USD&language=en-us&productSet=BN&sku=LD06212026,None,False,1.01,Very Good,2822,"$3,975",RD,Call,Call,[u'LD06212026'],Excellent,56.0
212,0.71,VS2,E,None,Very Good,Jul 12,Jul 13,64.1,./diamond-details/LD06212913,/api/public/loose-diamond/diamond-details/panel?country=USA&currency=USD&language=en-us&productSet=BN&sku=LD06212913,Medium,False,1.01,Very Good,2822,"$3,975",RD,Call,Call,[u'LD06212913'],Excellent,57.0
213,0.71,VS2,F,None,Very Good,Jul 12,Jul 13,63.6,./diamond-details/LD06212923,/api/public/loose-diamond/diamond-details/panel?country=USA&currency=USD&language=en-us&productSet=BN&sku=LD06212923,None,False,1.01,Very Good,2822,"$3,975",RD,Call,Call,[u'LD06212923'],Very Good,57.0
214,0.71,VS2,F,None,Very Good,Jul 12,Jul 13,62.8,./diamond-details/LD06212952,/api/public/loose-diamond/diamond-details/panel?country=USA&currency=USD&language=en-us&productSet=BN&sku=LD06212952,None,False,1.01,Excellent,2822,"$3,975",RD,Call,Call,[u'LD06212952'],Excellent,58.0
215,0.71,VS2,F,None,Very Good,Jul 12,Jul 13,63.6,./diamond-details/LD06213083,/api/public/loose-diamond/diamond-details/panel?country=USA&currency=USD&language=en-us&productSet=BN&sku=LD06213083,None,False,1.01,Very Good,2822,"$3,975",RD,Call,Call,[u'LD06213083'],Very Good,57.0
216,0.71,VS2,F,None,Very Good,Jul 12,Jul 13,63.3,./diamond-details/LD06213532,/api/public/loose-diamond/diamond-details/panel?country=USA&currency=USD&language=en-us&productSet=BN&sku=LD06213532,None,False,1.00,Very Good,2822,"$3,975",RD,Call,Call,[u'LD06213532'],Very Good,57.0
217,0.71,VS2,E,None,Very Good,Jul 12,Jul 13,62.8,./diamond-details/LD06529910,/api/public/loose-diamond/diamond-details/panel?country=USA&currency=USD&language=en-us&productSet=BN&sku=LD06529910,Medium,False,1.00,Excellent,2822,"$3,975",RD,Call,Call,[u'LD06529910'],Excellent,57.0
218,0.80,SI1,F,None,Ideal,Jul 18,Jul 19,62.6,./diamond-details/LD07167592,/api/public/loose-diamond/diamond-details/panel?country=USA&currency=USD&language=en-us&productSet=BN&sku=LD07167592,None,True,1.00,Excellent,2822,"$3,528",RD,Call,Call,[u'LD07167592'],Very Good,56.0
219,0.80,VVS2,I,None,Ideal,Jul 10,Jul 11,63.2,./diamond-details/LD07940725,/api/public/loose-diamond/diamond-details/panel?country=USA&currency=USD&language=en-us&productSet=BN&sku=LD07940725,None,False,1.01,Excellent,2822,"$3,528",RD,Call,Call,[u'LD07940725'],Very Good,55.0
220,0.60,VVS1,D,None,Very Good,Jul 12,Jul 13,63.0,./diamond-details/LD08814418,/api/public/loose-diamond/diamond-details/panel?country=USA&currency=USD&language=en-us&productSet=BN&sku=LD08814418,None,False,1.00,Excellent,2822,"$4,703",RD,Call,Call,[u'LD08814418'],Excellent,57.0
221,0.70,VVS1,G,None,Very Good,Jul 12,Jul 13,64.4,./diamond-details/LD08871536,/api/public/loose-diamond/diamond-details/panel?country=USA&currency=USD&language=en-us&productSet=BN&sku=LD08871536,None,True,1.00,Excellent,2822,"$4,031",RD,Call,Call,[u'LD08871536'],Excellent,58.0
222,0.71,VS2,F,None,Ideal,Jul 12,Jul 13,61.2,./diamond-details/LD08957256,/api/public/loose-diamond/diamond-details/panel?country=USA&currency=USD&language=en-us&productSet=BN&sku=LD08957256,None,False,1.01,Excellent,2822,"$3,975",RD,Call,Call,[u'LD08957256'],Excellent,60.0
223,0.80,SI2,D,None,Ideal,Jul 12,Jul 13,62.5,./diamond-details/LD08966589,/api/public/loose-diamond/diamond-details/panel?country=USA&currency=USD&language=en-us&productSet=BN&sku=LD08966589,Medium,False,1.01,Excellent,2822,"$3,528",RD,Call,Call,[u'LD08966589'],Excellent,58.0
224,0.61,VVS1,F,None,Ideal,Jul 12,Jul 13,62.5,./diamond-details/LD08975782,/api/public/loose-diamond/diamond-details/panel?country=USA&currency=USD&language=en-us&productSet=BN&sku=LD08975782,None,False,1.01,Excellent,2822,"$4,626",RD,Call,Call,[u'LD08975782'],Excellent,58.0
225,0.80,SI2,E,None,Very Good,Jul 12,Jul 13,63.0,./diamond-details/LD07430100,/api/public/loose-diamond/diamond-details/panel?country=USA&currency=USD&language=en-us&productSet=BN&sku=LD07430100,None,False,1.00,Excellent,2823,"$3,529",RD,Call,Call,[u'LD07430100'],Very Good,54.0
226,0.70,VS2,E,None,Ideal,Jul 12,Jul 13,62.9,./diamond-details/LD07533818,/api/public/loose-diamond/diamond-details/panel?country=USA&currency=USD&language=en-us&productSet=BN&sku=LD07533818,None,False,1.01,Excellent,2823,"$4,033",RD,Call,Call,[u'LD07533818'],Very Good,55.0
227,0.70,VS1,G,None,Ideal,Jul 12,Jul 13,62.6,./diamond-details/LD08662295,/api/public/loose-diamond/diamond-details/panel?country=USA&currency=USD&language=en-us&productSet=BN&sku=LD08662295,None,True,1.01,Excellent,2823,"$4,033",RD,Call,Call,[u'LD08662295'],Very Good,57.0
